textDisplay,likeCount,authorDisplayName,authorChannelUrl,authorChannelId,publishedAt,updatedAt
"Ese CSM payaso a quien quiere enga√±ar, si Per√∫ es pobre antes y despu√©s del COVID , el banco central de reserva debe cerrar as√≠ como hace el presidente milei",0,@felipe-wd4xr,http://www.youtube.com/@felipe-wd4xr,UCVtWfIH12IXqFB1Z91tLAlA,2024-10-11T07:02:26Z,2024-10-11T07:02:26Z
Dr. Velarde alias Rey Midas Peruano.,1,@ChristianMendozza,http://www.youtube.com/@ChristianMendozza,UC37QdJB7FHBeB3bjnHQ7Naw,2024-10-11T06:42:18Z,2024-10-11T06:42:18Z
Complimenti per il lavoro del BCR dell&#39; Per√π.,0,@DannyCondori-g5r,http://www.youtube.com/@DannyCondori-g5r,UCI4mMrPNfTuIa9LmjIvBGoA,2024-10-11T05:40:49Z,2024-10-11T05:40:49Z
"<a href=""https://www.youtube.com/watch?v=N5Zm9TTxOEs&amp;t=102"">1:42</a> hasta haciendo bolita un moco da c√°tedra ... se pasea Velarde !!!",0,@savatt,http://www.youtube.com/@savatt,UCH5bYCNbKMYmw_xLMT94oEg,2024-10-11T05:17:04Z,2024-10-11T05:17:54Z
√çdolo ‚ù§,0,@corinagarcilazo,http://www.youtube.com/@corinagarcilazo,UCZQ4UOxhHqDEXcgrSJX3qhA,2024-10-11T05:14:52Z,2024-10-11T05:14:52Z
"cuando eres due√±o de los medios de comunicaci√≥n me refiero a redes, tv y radio puedes inventar cualquier huevada y encima servidor de los gringos. Y una mafia militar y de canales de tv enquistada con poder puedes inventar cualquier huevada",0,@FrankDiaz-z8y,http://www.youtube.com/@FrankDiaz-z8y,UCXOCE93PrjjqDYGQsb0W4Jw,2024-10-11T04:37:47Z,2024-10-11T04:37:47Z
"cuando tiene el poder de la tv, redes y radio puedes inventar cualquier huevada y encima eres un servidor de los gringos due√±os de casi todos los canales de tv puedes inventar cualquier huevada",0,@FrankDiaz-z8y,http://www.youtube.com/@FrankDiaz-z8y,UCXOCE93PrjjqDYGQsb0W4Jw,2024-10-11T04:25:17Z,2024-10-11T04:25:17Z
Dina boluarte busca cambiar a velarde a como de lugar,0,@victor5591,http://www.youtube.com/@victor5591,UCzqEp52WsTxoCe15orDoqNw,2024-10-11T04:19:16Z,2024-10-11T04:19:16Z
"Cuiden el oro peruano. BERMEJO,sigrid dina boluarte quieren saborear esos ricos tesoros peruanos",0,@victor5591,http://www.youtube.com/@victor5591,UCzqEp52WsTxoCe15orDoqNw,2024-10-11T04:18:51Z,2024-10-11T04:18:51Z
200 al LORD,1,@victor5591,http://www.youtube.com/@victor5591,UCzqEp52WsTxoCe15orDoqNw,2024-10-11T04:18:14Z,2024-10-11T04:18:14Z
200 al LORD,0,@victor5591,http://www.youtube.com/@victor5591,UCzqEp52WsTxoCe15orDoqNw,2024-10-11T04:18:08Z,2024-10-11T04:18:08Z
"y pensar que hay mucho chu√±oso izquierdoso que quieren cambiarlo, seguramente para meter algun amiguito suyo...",1,@brayanvaldezlinares9230,http://www.youtube.com/@brayanvaldezlinares9230,UCgZ9px9T4ugt7f8xjNLrFeg,2024-10-11T04:18:01Z,2024-10-11T04:18:01Z
EL SOCIALISMO TRATA DE SACAR AL MEN AL UNICO EJECUTIVO DECENTE,0,@victor5591,http://www.youtube.com/@victor5591,UCzqEp52WsTxoCe15orDoqNw,2024-10-11T04:17:58Z,2024-10-11T04:17:58Z
Lord Velarde,0,@victor5591,http://www.youtube.com/@victor5591,UCzqEp52WsTxoCe15orDoqNw,2024-10-11T04:17:35Z,2024-10-11T04:17:35Z
"Buen trabajo se√±or Velarde ,no como en otros pa√≠ses de la regi√≥n.",0,@JorgeGuzm√°n-f6w,http://www.youtube.com/@JorgeGuzm%C3%A1n-f6w,UCZ3nkU2XATWZHD0tsmU2Emw,2024-10-11T04:17:23Z,2024-10-11T04:17:23Z
Mi viejo,1,@gastritus,http://www.youtube.com/@gastritus,UC3HWdjq8rA_Rli1Kogg510g,2024-10-11T03:59:21Z,2024-10-11T03:59:21Z
Que diferencia de preguntas con los congresistas,0,@geanmarcotorrestorres5866,http://www.youtube.com/@geanmarcotorrestorres5866,UCR5lfJDXGaZYlEhhHazJDQQ,2024-10-11T03:54:09Z,2024-10-11T03:54:09Z
Sagasti üßê,0,@Dimitrioedison44,http://www.youtube.com/@Dimitrioedison44,UCxxr5QWkDz-a9PPpaB_fFfQ,2024-10-11T03:11:05Z,2024-10-11T03:11:05Z
Bien,0,@alexvillanueva4128,http://www.youtube.com/@alexvillanueva4128,UCxBFcj8YzcEwDJPpJnybYsw,2024-10-11T03:03:18Z,2024-10-11T03:03:18Z
Este virjo meketrefe solo rrsguarda a los intereses de eeuu y la reserva federal am√©rica <br>Habla si no hay una oficina de cia dentro de bcr,0,@mrjl2012,http://www.youtube.com/@mrjl2012,UC66C_H0Qa1rYouCdnlIYM1Q,2024-10-11T02:34:54Z,2024-10-11T02:34:54Z
"Julio Velarde un gran personaje mundial, pero lamentablemente el Congreso Peruano est√° lleno de ignorantes marxistas que tratan de sacarlo para llevar al Peru a ser la porqueria que es Cuba o Venezuela.",2,@John-dw8sj,http://www.youtube.com/@John-dw8sj,UCqOAMzUfuDRjVCCU73mjc_w,2024-10-11T02:33:04Z,2024-10-11T02:33:04Z
GRACIAS A FUJIMORI Y A LA CONSTITUCI√ìN DEL 93 GORDO FANFARR√ìN,2,@carlostorres-dm8zf,http://www.youtube.com/@carlostorres-dm8zf,UCXrdYWVITEaaZbwBJcr1wbg,2024-10-11T01:48:37Z,2024-10-11T01:48:37Z
Un verdadero representante de Per√∫,0,@danielrojas8059,http://www.youtube.com/@danielrojas8059,UCVpioPMU8vm_B6kRLRH08Bg,2024-10-11T01:34:32Z,2024-10-11T01:34:32Z
"No es CNN es espa√±ol, es un canal argentino porque mienten!",0,@carloscordova428,http://www.youtube.com/@carloscordova428,UCBgK_a1SHBwGPqUsOfsruzw,2024-10-11T01:17:44Z,2024-10-11T01:17:44Z
Mi Lord VelardeGOD,0,@leocubamiranda1982,http://www.youtube.com/@leocubamiranda1982,UCR5UdRIDwbsCyJtYZHLYfng,2024-10-11T01:07:28Z,2024-10-11T01:07:28Z
ü§£ ü§£ ü§£ ü§£ ü§£ ü§£ ü§£ ü§£ ü§£ ü§£,0,@kuntreras4341,http://www.youtube.com/@kuntreras4341,UCsHL5ogG0jOed3mm1MHRKbw,2024-10-11T00:50:52Z,2024-10-11T00:50:52Z
"Per√∫ controla su inflaci√≥n pero sigue teniendo los.mismos pobres , una gran precariedad en salud y educaci√≥n con sueldos bajisimos  de los m√°s bajos de la regi√≥n con √≠ndices muy altos en delincuencia una corrupci√≥n que llega a todas las esferas del poder , el pa√≠s est√° gobernado por bandas de delincuentes que son due√±os de partidos de pol√≠ticos,  que utilizan la democracia para hacer dinero y los grandes empresarios financian estos partidos porque no les gusta que les cambien sus leyes qu√© los hace poderosos a ellos no les interesa quien gobierna si al final son ellos los que ponen leyes a su antojo. <br>Del Per√∫ migran cerca de 300 mil Peruanos al a√±o que persona se va de un pa√≠s si supuestamente viven bien , nada se√±ores pero no es ejemplo de nada .",0,@alexanderalvarado8432,http://www.youtube.com/@alexanderalvarado8432,UCLE-bUdkp9FfFkut4wN-FCw,2024-10-11T00:39:52Z,2024-10-11T00:40:53Z
"Si tan solo tuvi√©ramos un buen presidente, Per√∫ ser√≠a otra cosita...",1,@cirazunymusic,http://www.youtube.com/@cirazunymusic,UCvbFYCpHx_kGv_Jgnpys_aQ,2024-10-11T00:37:36Z,2024-10-11T00:37:36Z
"Hablo el banguero de los fujis, Toledo, Garc√≠a, Humala, PPK...",0,@toga771,http://www.youtube.com/@toga771,UCoConBIXGxv3HGJSKjjA3oA,2024-10-10T23:44:26Z,2024-10-10T23:44:48Z
"Para el Mundo: el mejor Economista de la Regi√≥n, y para los semi analfabetos socialistas del Per√∫: el peor economista. A quien creemos",1,@alexanderberrosspi64,http://www.youtube.com/@alexanderberrosspi64,UCbD-rdq8FA-E6PXz7JrOJlQ,2024-10-10T23:36:58Z,2024-10-10T23:36:58Z
LO AMO SE√ëOR VELARDE,0,@Anthony-gy4pu,http://www.youtube.com/@Anthony-gy4pu,UCCWCy5WUtPXIocKYRnecPaA,2024-10-10T23:35:45Z,2024-10-10T23:35:45Z
Julio Velarde es como la flor de loto lo unico bueno dentro de tanto lodo que tiran para abajo al Peis...Larga Vida srJulio velarde Dios lo bendigaüíúüíúüíú,0,@joselinedamian9071,http://www.youtube.com/@joselinedamian9071,UCKSR_PGfBFtV2qUqgw4tmYQ,2024-10-10T23:14:45Z,2024-10-10T23:14:45Z
"Lord Velarde, salud para usted.",0,@anthonyrticona.2612,http://www.youtube.com/@anthonyrticona.2612,UCQQkNKpc1leXHwnB_-bUOkg,2024-10-10T22:51:23Z,2024-10-10T22:51:23Z
Toda una autoridad a carta cabal con amplio conocimiento en la estabilidad econ√≥mica nacional.,0,@carlosalbertogarciamelende4446,http://www.youtube.com/@carlosalbertogarciamelende4446,UCbY0Dx3hesqet7rCBtBXt9g,2024-10-10T22:36:43Z,2024-10-10T22:36:43Z
Gracias al ex Presidente del Per√∫ Alberto Fujimori (Q.E.P.D.) quien independiz√≥ al BCRP y obviamente a su Presidente el gran Julio Velarde (hay que clonarlo) por semejante record.,1,@maxvoltar6242,http://www.youtube.com/@maxvoltar6242,UCKhiEcfJYYJwFGDTHfCASVA,2024-10-10T22:11:54Z,2024-10-10T22:11:54Z
Gracias por todo Lord Velarde ü§ô,0,@yossiskzstay6868,http://www.youtube.com/@yossiskzstay6868,UC1wCpeRgKIdJ0s5plwTLONA,2024-10-10T22:07:06Z,2024-10-10T22:07:06Z
"Aun asi no deberia de existir banco central, es admirable lo que Velarde hace por el Per√∫ que facilmente podria ser considerado el verdadero presidente despues de muchos inadaptados junto a todos los congresistas que han estado en el poder",0,@axyhpro,http://www.youtube.com/@axyhpro,UCuPzszuKIzwcUpbuH4XcwUA,2024-10-10T21:42:14Z,2024-10-10T21:42:14Z
Gana muy poco. Deber√≠a ganar 1 mill√≥n de d√≥lares. Bendiciones para √©l ‚ù§,0,@jesusgarysilesmatos4976,http://www.youtube.com/@jesusgarysilesmatos4976,UCYtWpct_e7985LJRmiIs0RA,2024-10-10T21:26:39Z,2024-10-10T21:26:39Z
"Eso mi gordito, solo espero que dejes a buenos capos como L dejo a sus disc√≠pulos",0,@MUERTOkOf6,http://www.youtube.com/@MUERTOkOf6,UCRRdX5H9OuB9U2SaAy-DZAA,2024-10-10T21:09:12Z,2024-10-10T21:09:12Z
Imag√≠nense si tuvi√©ramos un Ministro de Econom√≠a y de Trabajo al mismo nivel que este se√±or!!,0,@Jonas77,http://www.youtube.com/@Jonas77,UCdqiO3PJ7Fs-jffagF-UD3w,2024-10-10T20:37:47Z,2024-10-10T20:37:47Z
El gran Julio Velarde... hombre prudente y por dem√°s extraordinariamente inteligente. M√°s de 20 a√±os en su cargo y cada vez lo hace mejor.,0,@australeyne8864,http://www.youtube.com/@australeyne8864,UCSZiIE_ghz1pvFw_2LK40RQ,2024-10-10T20:04:26Z,2024-10-10T20:04:26Z
"Cuando palpo la moneda peruana, siento peso y confianza :)",0,@rolanyt6388,http://www.youtube.com/@rolanyt6388,UCPtY14ZQbwbT71TcRc-dnTg,2024-10-10T20:01:55Z,2024-10-10T20:01:55Z
Long life to the king Julio Velarde,0,@rolanyt6388,http://www.youtube.com/@rolanyt6388,UCPtY14ZQbwbT71TcRc-dnTg,2024-10-10T20:00:31Z,2024-10-10T20:00:31Z
"Velarde es realmente un p√©simo banquero; pero para la mayor√≠a de peruanos que no son versados en Econom√≠a ni tampoco tienen una verdadera educaci√≥n financiera, Velarde es lo m√°ximo.<br>A cada evento internacional en el que Velarde es invitado, este se√±or demuestra que no sabe ni d√≥nde est√° parado y deja en rid√≠culo al pa√≠s. <br>Para que se den una idea, Velarde en cada exposici√≥n siempre hace lo que hizo el Gerente General de Sporting Cristal en Chile.<br>A√∫n recuerdo cuando Velarde, en un evento en Bruselas en 2023, no pudo explicar qu√© es el IPP (la inflaci√≥n desde el punto de vista del productor) e insist√≠a en &quot;corregir&quot; al moderador dici√©ndole que no es IPP, sino IPC (la inflaci√≥n desde el punto de vista del consumidor; la inflaci√≥n de toda la vida).<br>Verg√ºenza ajena que un banquero no sepa conceptos b√°sicos.<br>Powell y Lagarde le dan mil vueltas a Velarde. Y eso que la francesa tampoco es una iluminada.",2,@RealTrader93,http://www.youtube.com/@RealTrader93,UCEryo8u6NKamRTGckZrT4VA,2024-10-10T19:55:10Z,2024-10-10T19:58:15Z
<b>GRACIAS DIOS POR DARLE SABIDURIA A JULIO VELARDE</b>,1,@angelfernandezrua4277,http://www.youtube.com/@angelfernandezrua4277,UCmBzoeJt5H256i_v7c_qTdQ,2024-10-10T19:51:31Z,2024-10-10T19:51:31Z
‚ù§ üá¶üá∑ üáµüá™ üí™Estamos muy orgullosos de nuestro JULIO VELARDE! üá¶üá∑  üáµüá™  üí™‚ù§,3,@50lucyta,http://www.youtube.com/@50lucyta,UCexp9wGtOlgi4MqsMUYEAyg,2024-10-10T19:50:57Z,2024-10-10T19:50:57Z
Todo lo que afirma dicho se√±or es falso - No hay inflaci√≥n porque no sueltan dinero - se pueden imaginar que a muchos trabajadores les deben una deuda muy grande y no la pagan porque los precios subir√≠an por que los extrabajadores comprar√≠an lo que no lo tienen  este se√±or presidente del bcr - es un guardi√°n del dinero - no suelta ni un sol - lo puso fujimori y no sale ni de palos porque no sube el sueldo promedio de 1500 nuevos soles - que es muy bajo - Todo lo que dice es pura teor√≠a - la realidad es otra.!!!,1,@raulzaratearmas245,http://www.youtube.com/@raulzaratearmas245,UCLEcSBN8gL3tH7Tw54U0QnA,2024-10-10T19:46:35Z,2024-10-10T19:46:35Z
"Mi lord, me arrodillo ante ti, si me dices que te bese los pies, lo hago mil veces.",0,@jimmypalominopuma3242,http://www.youtube.com/@jimmypalominopuma3242,UCX4kG2f2mowgsn54O4gCm0Q,2024-10-10T19:37:07Z,2024-10-10T19:37:07Z
Agradezco mucho al se√±or Velarde por grandiosa forma de ejecutar sus propuestas y de manejar de forma magistral a su equipo.üòä,0,@markcondori7911,http://www.youtube.com/@markcondori7911,UC-87HST8qUWJpTdFfcbZd-A,2024-10-10T19:22:21Z,2024-10-10T19:22:21Z
"Ya, pero para cuando Velarde Presidente?",0,@SweetSweet-w8x,http://www.youtube.com/@SweetSweet-w8x,UCjyPMl9TTuq33E6Sjxqn5ZQ,2024-10-10T19:19:08Z,2024-10-10T19:19:08Z
Si el mundo fuese justo nuestro julio tendr√≠a un novel de econom√≠a,0,@eberibanez4121,http://www.youtube.com/@eberibanez4121,UCK6rQL_2Dyeibf2rLMIQcJA,2024-10-10T18:57:59Z,2024-10-10T18:57:59Z
"Dios bendiga la Constituci√≥n del 93 en el gobierno de Alberto Fujimori, que le dio absoluta independencia al BCR, y Dios bendiga a Julio Velarde, hombre correcto, preparado, inteligente y sabio, que ha mantenido el equilibrio de nuestra moneda y econom√≠a a pesar de los gobiernos destructores de hace m√°s de 20 a√±os...",1,@mariadelacruzdiez-canseco4917,http://www.youtube.com/@mariadelacruzdiez-canseco4917,UCbx9ON9NQHWUcMRCi_i4Fnw,2024-10-10T18:51:42Z,2024-10-10T18:51:42Z
Dios lo colme de bendiciones. Mucha salud y larga vida.  Queremos Julio Velarde para rato ‚ù§üôè,0,@sandy0909W,http://www.youtube.com/@sandy0909W,UCPAMDqLJvxmMNQ2medLRB9w,2024-10-10T18:49:17Z,2024-10-10T18:49:17Z
En Per√∫ no tenemos industria los emprendimientos que abundan son del micro micro enprendedor por ejemplo el que vende sanguchitos en su puerta o el que sube a los buses a vender golosinas,0,@jorgesandovaladrianzen4543,http://www.youtube.com/@jorgesandovaladrianzen4543,UCpAUNi0GxAcv9yczq_FHg_g,2024-10-10T18:46:41Z,2024-10-10T18:46:41Z
"Un placer escuchar al Dr Julio Velarde, es un verdadero capo y los peruanos estamos muy agradecidos por su excelente gesti√≥n en el BCRP, gracias a ello vivimos con mucha esperanza e ilusi√≥n para continuar progresando",0,@gustavodelpino865,http://www.youtube.com/@gustavodelpino865,UCOSJVO--QCUxu2l5_BzsuQQ,2024-10-10T18:37:58Z,2024-10-10T18:37:58Z
"EL RESPETO DE TODOS LOS PERUANOS A ESTE SE√ëOR, QUE GRACIAS A EL TODAVIA PODEMOS VIVIR EN NUESTRO AMADO PAIS, SI QUISIERA SER PRESIDENTE SERIA MUY BUENOS PARA EL PERU",0,@LUISMARTINEZ-ec1rg,http://www.youtube.com/@LUISMARTINEZ-ec1rg,UCFbkvQIlfAuHDc_CgTkuQGg,2024-10-10T18:32:01Z,2024-10-10T18:32:01Z
"üòÇüòÇüòÇ si pero los sueldos de peru son una verg√ºenza, no alcanza para nada, si bien bcr no tiene culpa del COVID, no tiene la culpa que el gobierno peruano se puso a dar bonos, crear dinero de la nada, y tampoco tiene culpa de de la pol√≠tica de la reserva federal de estados unidos que atravez de su incriminada impresi√≥n del dolar que nos importa su inflaci√≥n a todo el mundo, de verdad este se√±or cumple su trabajo, lamentablemente los pol√≠ticos de turno del peru no esta a la altura velarde, la cagan el d√©ficit fiscal, no genera aumento salarial respaldado sobre un plan de contingencia, no ahi un mecanismo y ning√∫n plan de pa√≠s, solo el peru se vender al por mayor, te hablo que nuestra materias primas.",0,@miaarteaga8425,http://www.youtube.com/@miaarteaga8425,UCkBf7WZn1oc8fYv4XUUWz8w,2024-10-10T18:29:05Z,2024-10-10T18:29:05Z
Bastante basado la verdad,0,@dariol6403,http://www.youtube.com/@dariol6403,UCqiofq-5cQB1pUIc5LYBf1A,2024-10-10T18:20:43Z,2024-10-10T18:20:43Z
"Tremebdo mafioso, inteligente si, porque la sabe hacer, no es un mafioso burro como castillo. Eso se lo reconozco, pero al fin y al cabo es un mafioso mas. El tiempo lo demostrar√°.",0,@jesussantivanez6296,http://www.youtube.com/@jesussantivanez6296,UCINoBCHzrU8fWFKnNbCfDRA,2024-10-10T18:14:46Z,2024-10-10T18:14:46Z
"CLARO √âL SE√ëOR ES EL PDTE DEL BCR DEL PER√ö, PERO ES EL QUE ACEPTA LAS TASAS DE INTERESES CRIMINALES QUE SE LES IMPONE A LOS PERUANOS. SE PRESTA AL JUEGO POLITICO, PORQUE SI HAY UN CANDIDATO QUE FUERA GANANDO Y NO FUERA DE LA ULTRA DERECHA PERMITE QUE EL D√ìLAR SE DISPARE PARA QUE LA GENTE SE ASUSTE Y VOTE POR SU CANDIDATO.<br>CIERTO ES QUE NADA TIENE QUE VER CON LAS OBRAS EN EL AGRO, CON EL POCO O MUCHO TRABAJO, PERO LAS TASAS DE INTERESES NOS AGOBIA Y NO NOS PERMITE CRECER. TENEMOS LA TASA M√ÅS ALTA EN AMERICA LATINA, AHORA HA DISPUESTO QUE NO HAYA UN MAXIMO PARA PR√âSTAMO. <br>LOS BANCOS MA√ëANA, TARDE Y NOCHE REGALAN TARJETAS DE CREDITO INDUCIENDO A ERROR AL PERUANO Y LUEGO EST√Å COLGADO POR LAS DEUDAS E INTERES QUE SUELEN SER M√ÅS DEL 100% Y ESE HOMBRE QUE REQUER√çA UNA REFRIGERADORA YA NO TRABAJA DOS TURNOS TRABAJA TRES Y LA MUJER TIENE QUEJAR A LOS HIJOS PARA TRABAJAR PARA PAGAR AL BCO QUE PROTEJE EL PDTE DEL BCR DEL PER√ö. <br>EN OTRAS PALABRAS HACE M√ÅS RICO A LOS MILLONARIOS Y HACE QUE SE MUERAN DE HAMBRE LOS QUE MENOS TIENEN.<br>JULIO VELARDE TIENE UN PODER POLITICO INDECIFRABLE.<br>SE PUEDE TUMBAR O DESIQUILIBRAR A UN PDTE DE ESTADO.",0,@mirtha5434,http://www.youtube.com/@mirtha5434,UCircla73gjOWDeSNGYz9JKg,2024-10-10T18:12:57Z,2024-10-10T18:15:38Z
Gracias al Dr. Velarde la moneda peruana esta lo m√°s alto del precio. Se merece admiraci√≥n y respeto por ser un.banquero de ejemplo de admirar. Que D√≠os  le siga bendiciendo.‚ù§üôèüëèüëèüëè,0,@eldamarietavegasuarez4970,http://www.youtube.com/@eldamarietavegasuarez4970,UCN8RsG4I5uwpO1Y-DOx6Zpg,2024-10-10T18:07:52Z,2024-10-10T18:07:52Z
"EN EL PER√ö EL SUELDO BASICO ES DE 1, 025 QUE ALCANZA PARA EL ALIMENTO DE TRES PERSONAS AL MES. Y SI SON M√ÅS? PARA QUE ALCANCE MAS, EDUCACION, SALUD EL PADRE TIENE QUE TRABAJAR HASTA EN DOS TRABAJOS  Y SIN BENEFICIOS SICIALES, MUCHOS NI√ëOS NO ESTUDIAN  SALEN A LA CALLE PARA VENDER GOLOSINAS.<br>LOS J√ìVENES QUE HAN PODIDO LOGRAR LA SECUNDARIA SOLO PUEDEN SER VENDEDORES AMBULANTES O VENDER EN TIENDAS MULTINACIONES CON SUELDO MINIMO, PERO 12 √ì 13 HORAS SINO LOS DESPIDEN.",0,@mirtha5434,http://www.youtube.com/@mirtha5434,UCircla73gjOWDeSNGYz9JKg,2024-10-10T18:01:23Z,2024-10-10T18:01:23Z
Que Dios le d√© mucha salud y sabiduria para seguir sirviendo a su pais. Dios lo bendiga y cuide...,0,@anajara7406,http://www.youtube.com/@anajara7406,UC4fPYwUGN_NTG0batgJTJqQ,2024-10-10T17:52:28Z,2024-10-10T17:52:28Z
"Es un excelente profesional independiente, un ejemplo de funcionario publico.",12,@jorgepareja1627,http://www.youtube.com/@jorgepareja1627,UCV7AVWILryDtAzXMk_k3HCg,2024-10-10T17:40:56Z,2024-10-10T17:40:56Z
"No le habr√°n dicho,,,, pero gracias se√±or Julio velarde y a todo su equipo t√©cnico conformado por hombres y mujeres j√≥venes y adultos, q ayudar√°n a controlar la inflaci√≥n y establecer una econom√≠a estable en el Per√∫ en las temporadas malas del covic, el fen√≥meno del ni√±o,, y las guerras actuales con los ataques de Rusia en Ucrania y los terroristas de hamas q atacaron a los ciudadanos de Israel q ahora se volvi√≥ una guerra entre Ir√°n vs Israel,, , muchos peruanos q no tiene. Una educaci√≥n media o q no ven noticias y q son manipulados por la izquierda com√∫nista, no saben la realidad de este pa√≠s. Q tenga buena salud usted julio velarde y a todo su equipo t√©cnico econ√≥mico.",0,@kazuyamishima8477,http://www.youtube.com/@kazuyamishima8477,UCaQv4YH0eKrbN-8a1sZQjFg,2024-10-10T17:30:06Z,2024-10-10T17:30:06Z
Bien,0,@javierrodriguez4830,http://www.youtube.com/@javierrodriguez4830,UCDlJ9W7RQ5kYq-12RKSgCYg,2024-10-10T17:29:37Z,2024-10-10T17:29:37Z
"Mucho tiempo en el  BCR, necesita que se reeplanze. La pobreza en Peru es inmensa  9 de cada 10 son pobres como me explica esto?",1,@victorarata4138,http://www.youtube.com/@victorarata4138,UCAau00qvSoEYmdTSL57CwEQ,2024-10-10T17:22:49Z,2024-10-10T17:22:49Z
"Argentina debio tomar medida dr√°stica, como en el Per√∫ el SHOK casi a la par de d√≥lar el peso y  liberar el mercado sin eso no hay soluci√≥n",0,@edwinromeroramirez9423,http://www.youtube.com/@edwinromeroramirez9423,UC4jUcrFkD5upw6zOPKe8yyg,2024-10-10T17:18:37Z,2024-10-10T17:18:37Z
"Sinceramente es repudiable como as√≠ los rojos insin√∫an y cuestionan el sueldo del Sr Julio Velarde, cuando desde hace a√±os, hay gerentes q empresa de telecomunicaciones q ganan a en d√≥lares y 3 veces m√°s q lo q gana el Sr. Velarde y peor a√∫n pag√°bamos 3 veces m√°s por servicios de telefon√≠a y cable, es decir, nos robaban y encima se la llevaban gratis, pero as√≠ son los rojos extorsionandores con cargo de congresistas.",0,@expertonnn,http://www.youtube.com/@expertonnn,UCNfGK3kXm2fTy_5ufPVjUdA,2024-10-10T17:11:23Z,2024-10-10T17:11:23Z
"Que p√©sima dicci√≥n tiene este se√±or.  No logro entender lo que vocaliza; creo que no soy el √∫nico que tiene dificultades para entender lo que vocaliza (si no tuviera nociones de econom√≠a, estar√≠a perdido escuch√°ndolo)",0,@denisapd,http://www.youtube.com/@denisapd,UCVX-VVhklt4qqKfiDzWTmiw,2024-10-10T17:08:39Z,2024-10-10T17:08:39Z
Respeto a Lord Velarde ....,0,@carloso9430,http://www.youtube.com/@carloso9430,UCyeM_bUC-PYJDKw7V6bd8qQ,2024-10-10T17:06:08Z,2024-10-10T17:06:08Z
"Gracias al expresidente ing. Fujimori, que con su constitucion del 93 hizo que el BCRP sea independiente.",0,@rjm4013,http://www.youtube.com/@rjm4013,UCd3ef819bHQf1_piQC8Zyyw,2024-10-10T17:00:08Z,2024-10-10T17:00:08Z
Bendiciones buena salud,2,@silviaespinoza5467,http://www.youtube.com/@silviaespinoza5467,UCb6DFFiu7xcHu0XgMmG1aAQ,2024-10-10T16:51:44Z,2024-10-10T16:51:44Z
"Lo que deberian estar pensando es quien ser√° su sucesor, ojala esten haciendo escuela para que cuando venga el momento que tenga que dejarlo no se vaya todo a pique, muchas gracias Julio Velarde, pero por favor deja un pupilo que siga tu labor, sino, ser√≠a terrible.",1,@danielnunez76,http://www.youtube.com/@danielnunez76,UC85K4gAF6ldH0ULIh36eymg,2024-10-10T16:48:43Z,2024-10-10T16:48:43Z
Grande Velarde!! üíØ,1,@marcocapac44,http://www.youtube.com/@marcocapac44,UC0Ms8n8dFghsgmeaNgpq1xw,2024-10-10T16:47:29Z,2024-10-10T16:47:29Z
Su sueldo es de 41 un mil soles para el no hay pobreza es f√°cil mantener el pa√≠s sin inflaci√≥n si ajustas al pueblo en la miseria,0,@javierauquitovar2526,http://www.youtube.com/@javierauquitovar2526,UC_MQDimni05pFHP6xUPX_3g,2024-10-10T16:44:24Z,2024-10-10T16:44:24Z
larda vida al maestro Julio Velarde,0,@juliolazo4580,http://www.youtube.com/@juliolazo4580,UC8JvSTmyFoAyauBaV26Fo6w,2024-10-10T16:42:44Z,2024-10-10T16:42:44Z
LA PREGUNTA ES :  POR QU√â LOS SUELDOS NO SUBEN AL MISMO RITMO QUE LA INFLACI√ìN.   ??,2,@alvaromelendezperalta4758,http://www.youtube.com/@alvaromelendezperalta4758,UC1t2vY-ZkWOJmnanVj_zEPw,2024-10-10T16:36:07Z,2024-10-10T16:36:07Z
Muchas gracias sr Julio Velarde,1,@jeorgeemiliocespedesestrad3043,http://www.youtube.com/@jeorgeemiliocespedesestrad3043,UCEG9IN0UHanukVFH3-GLihw,2024-10-10T16:32:09Z,2024-10-10T16:32:09Z
"Julio Velarde un grande, todos los Peruanos deber√≠an saber quien es √©ste se√±or",0,@cutelovelya3210,http://www.youtube.com/@cutelovelya3210,UCjED8NnViN4GdDUpHRLUp0w,2024-10-10T16:29:09Z,2024-10-10T16:29:09Z
La inflaci√≥n se dlio al 70% ahora 3 panes un sol,0,@richardfreddyzuloetatapull8959,http://www.youtube.com/@richardfreddyzuloetatapull8959,UCt5NTmfl1caTmwO80FI6Vrg,2024-10-10T16:24:06Z,2024-10-10T16:24:06Z
"Velarde charlat√°n,habla cuando le conviene,en gobierno de castillo dec√≠a otra cosa",0,@richardfreddyzuloetatapull8959,http://www.youtube.com/@richardfreddyzuloetatapull8959,UCt5NTmfl1caTmwO80FI6Vrg,2024-10-10T16:23:23Z,2024-10-10T16:23:23Z
Ese es parte de un sistema fallido en donde hay m√°s desigualdad y artilugios para hacer m√°s ricos a pocos y m√°s pobres a muchos.,0,@humberto3369,http://www.youtube.com/@humberto3369,UCgysqaxkBUMfNAZDFxqoHPg,2024-10-10T16:18:42Z,2024-10-10T16:19:46Z
Larga vida al Lord Julio Velarde !,0,@vivirenarmoniavivirenarmon9634,http://www.youtube.com/@vivirenarmoniavivirenarmon9634,UCt63EdAx7TATbFlgFv1Kasw,2024-10-10T16:17:47Z,2024-10-10T16:17:47Z
"El se√±or Velarde en economia es el Messi en el equipo.,no se tiene que ir nunca., si no nos vamos a segunda.",0,@EngelGuillermo.Santangeletta,http://www.youtube.com/@EngelGuillermo.Santangeletta,UCq2HONnGfVGH5DHwWb_7LTQ,2024-10-10T15:53:13Z,2024-10-10T15:55:11Z
Todos los troles apoyando a este agente del banco mundial.,1,@JoaopauloMendozaperez,http://www.youtube.com/@JoaopauloMendozaperez,UCflXbSKbWOBeiW-jdTtD7ug,2024-10-10T15:51:43Z,2024-10-10T15:51:43Z
Que ya no hay mucha pobreza dice este miserable !!!!!. Que se vaya a la cdsm .habla por qu√© tiene boca este sujeto que trabaja con todos los mafiosos .,0,@SantosPeredaCarran,http://www.youtube.com/@SantosPeredaCarran,UCtx7qs7uqo6uPqkkG4kE6Gw,2024-10-10T15:42:50Z,2024-10-10T15:42:50Z
Alg√∫n d√≠a le preguntar√°n a Lord Velarde sobre sus seguidores? jaja,0,@AlCold8,http://www.youtube.com/@AlCold8,UCmsg7EkJBx7BZIhsuTTv80A,2024-10-10T15:29:55Z,2024-10-10T15:29:55Z
Uno de los pocos que el peruano respeta,0,@Axel-mj8bw,http://www.youtube.com/@Axel-mj8bw,UCEIKhGoHQxT1qt-VeGit4gw,2024-10-10T15:27:11Z,2024-10-10T15:28:16Z
"Don julio que dios le de muchos a√±os mas de vida ,para que vea ud a futuro su gran trabajo que hizo",0,@joseluisoregomez6225,http://www.youtube.com/@joseluisoregomez6225,UCWmAks4he1ARjoQFo_KPVwQ,2024-10-10T15:23:28Z,2024-10-10T15:23:28Z
El peruano mas reconocido a nivel mundial dando catedra de economia. Increible que no haya sido reconocido como deberia en Peru.,1,@el-autentico,http://www.youtube.com/@el-autentico,UCRcl6aDKjhgMJvFX8FEIxWg,2024-10-10T15:22:58Z,2024-10-10T15:23:20Z
Dios lo cuide unos 100 a√±os Sr. Velarde.,0,,http://www.youtube.com/c/Jes%C3%BAsCartagena,UCVrhVi2BjNHJrpbgIEXqagg,2024-10-10T15:09:49Z,2024-10-10T15:09:49Z
"Que Diosito le de mucha salud, el Per√∫ te admira y necesita Dr. Julio",0,@zuritcueto3047,http://www.youtube.com/@zuritcueto3047,UClfXyKkSc-hpUy58Opcd-VA,2024-10-10T15:00:17Z,2024-10-10T15:00:17Z
Bien Julito üí™üèº<br>Lo peor que pueden hacer estos pol√≠ticos es meter sus manos en el BCR.,0,@jobromero6525,http://www.youtube.com/@jobromero6525,UCHXHjIwyPv-eMMTqkjktbUw,2024-10-10T14:56:51Z,2024-10-10T14:56:51Z
Por e pasaje en bus pagaba 0.50  luego 1.00 y ahora 1.50. Los culpables son los gobernantes? o quien.,0,@brauliochambe556,http://www.youtube.com/@brauliochambe556,UCrYO1-ksGSAStxmfnEGb60A,2024-10-10T14:56:11Z,2024-10-10T14:56:11Z
Verlarde presidente el Peru ?,0,@carloz814,http://www.youtube.com/@carloz814,UC58N3UGIqRu4mhxtjl9D1kg,2024-10-10T14:55:42Z,2024-10-10T14:55:42Z
"ES MUY INTERESANTE CUANDO LA PERSONA QUE PREGUNTA CONOCE DEL.TEMA, NO COMO LA SARTA DE POLITICOS PERUANOS INEPTOS, INCAPACES Y QUE NO TIENEN EL INTERES DE LEER Y COMPRENDER PARA DEBATIR UN TEMA",0,@cvc393,http://www.youtube.com/@cvc393,UCNH6uBTkL_N_lCe7Fd3jnuQ,2024-10-10T14:53:10Z,2024-10-10T14:53:10Z
A este se√±or le debemos que ahorrar en soles no sea una fantas√≠a.,0,@callmetefa7871,http://www.youtube.com/@callmetefa7871,UCtk1q2wELVuJd4JR9j3AIpw,2024-10-10T14:52:02Z,2024-10-10T14:52:02Z
"LARGA VIDA A JULIOOOOOOOOO,   USTEDE MERCE GANAR MUCHISIMO MAS DE SUELDO TODO LOS SUELDOS DE LOS CONGRESISTAS POR QUE SE LO MERECE , ESAS BESTIAS DE CONGRESISTAS ESTAN POR LAS PURAS RECIBIENDO SUELDOS QUE NO AMERITA SUS CAPACIDADES QUE SON IGUALES A LOS ANIMALITOS",1,@ryp2233,http://www.youtube.com/@ryp2233,UClSq6D48H6xFxJ-7wTTCsDA,2024-10-10T14:46:49Z,2024-10-10T14:46:49Z
"Si usted postular√≠a a la presidencia, gana en primera vuelta...<br>Garantizado!!!",0,@segundocespedesasenjo7589,http://www.youtube.com/@segundocespedesasenjo7589,UCRbO3320-kAFo1v-_e392UQ,2024-10-10T14:39:42Z,2024-10-10T14:39:42Z
"En Peru, la economoa se estabilizo en 20 a√±os. van 7 meses ya estan deseperados los parrilleros, jodanse por tener presidentes izquierdista comunistas, solo un ejemplo venezuela tendra que pasar 50 a√±os mas para que sea prospero, 20 a√±os para que se vaya maduro y 30 a√±os de recupercion",1,@lypasociados,http://www.youtube.com/@lypasociados,UCV0nMbNYIyueV4dkLqjVMYw,2024-10-10T14:37:20Z,2024-10-10T14:38:46Z
"En Per√∫ la pobreza llega al 70% , clase media 20%, 8% clase alta, el resto son corporaci√≥nes",0,@victonersuministrosdeimpre4917,http://www.youtube.com/@victonersuministrosdeimpre4917,UC4T6acLAvRCZlTmssAKKUVg,2024-10-10T14:37:13Z,2024-10-10T14:37:13Z
Tengo miedo que llegue el 2026 y no haya un sucesor a su nivel o peor aun los rojos asuman el poder y logren cambiar la constitucion quitandole la independ√™ncia al BCR,0,@mariorrafael,http://www.youtube.com/@mariorrafael,UCNV2xHe9ulFnv2NtRnKb8fg,2024-10-10T14:30:19Z,2024-10-10T14:30:19Z
"El banco central chino est√° supervisado y controlado por el gobierno y su moneda sigue estable, no solo china, Vietnam entre otros pa√≠ses.<br>Eso demostrar√≠an que la autonom√≠a del banco central del Per√∫ no es la causa de la estabilidad del sol.",1,@Efra√≠nG√≥mez384,http://www.youtube.com/@Efra%C3%ADnG%C3%B3mez384,UCJvysbpWCV7nliTTcJPpuQw,2024-10-10T14:29:29Z,2024-10-10T14:29:29Z
"Que Dios la cruz de Motupe y el infinito universo lo cuiden, protejan y lo llenen de salud, bendiciones y abundancia Sr. Julio Velarde, los ciudadanos Peruanos le estamos  agradecidos, lo admiramos, respetamos y con mucho cari√±o le damos las gracias por su trabajo hacia el Per√∫ en llevar, dirigido por una buena administraci√≥n la econom√≠a del Per√∫ <br>Gracias gracias gracias",1,@reynamillernavarrete6004,http://www.youtube.com/@reynamillernavarrete6004,UC6JcjEZQBvdunkvH-D0BVbw,2024-10-10T14:28:20Z,2024-10-10T14:28:20Z
El hombre que protege la moneda de las sucias manos del populismo empobrecedor,0,@joseluisortsagullo3008,http://www.youtube.com/@joseluisortsagullo3008,UCDNULlH5SQxWH3fEyB94v2w,2024-10-10T14:27:26Z,2024-10-10T14:27:26Z
Larga vida Sr Velarde!! Perdone la IGNORANCIA DE UN CONGRESO IGNORANTE!!USTED SI HACE PATRIA TRABAJANDO EN EL BCR! Y su legado sera enorme ya que usted pudo controlar la inflacion cuando Per√∫ tuvo 4 presidentes en los ultimos 4 a√±os!! Sin duda alguna es una eminencia que muchos jovenes debemos aprender,0,@jostin12333,http://www.youtube.com/@jostin12333,UC7qiNBVq6uhcMAd_CPrfaPg,2024-10-10T14:26:25Z,2024-10-10T14:28:30Z
"RATERO POR SU CULPA EL PERU ES EL PAIS CON EL PEOR SUELDO MINIMO Y CON LA MONEDA DEVALUADA, YA QUE EL RATERO DE VELARDE SOLO ESTA PARA HACER MAS RICOS A LOS MILLONARIOS Y MAS POBRES A LOS TONTOS QUE LO ALABAN Y APLAUDEN COMO FOCAS.",0,@heidinarvaez4887,http://www.youtube.com/@heidinarvaez4887,UCF6UD5w4-Xtpkz_GxAXmoDA,2024-10-10T14:23:01Z,2024-10-10T14:23:01Z
"RATERO POR SU CULPA EL PERU ES EL PAIS CON EL PEOR SUELDO MINIMO Y CON LA MONEDA DEVALUADA, YA QUE EL RATERO DE VELARDE SOLO ESTA PARA HACER MAS RICOS A LOS MILLONARIOS Y MAS POBRES A LOS TONTOS QUE LO ALABAN Y APLAUDEN COMO FOCAS.",0,@heidinarvaez4887,http://www.youtube.com/@heidinarvaez4887,UCF6UD5w4-Xtpkz_GxAXmoDA,2024-10-10T14:22:55Z,2024-10-10T14:22:55Z
"RATERO POR SU CULPA EL PERU ES EL PAIS CON EL PEOR SUELDO MINIMO Y CON LA MONEDA DEVALUADA, YA QUE EL RATERO DE VELARDE SOLO ESTA PARA HACER MAS RICOS A LOS MILLONARIOS Y MAS POBRES A LOS TONTOS QUE LO ALABAN Y APLAUDEN COMO FOCAS.",0,@heidinarvaez4887,http://www.youtube.com/@heidinarvaez4887,UCF6UD5w4-Xtpkz_GxAXmoDA,2024-10-10T14:22:49Z,2024-10-10T14:22:49Z
"RATERO POR SU CULPA EL PERU ES EL PAIS CON EL PEOR SUELDO MINIMO Y CON LA MONEDA DEVALUADA, YA QUE EL RATERO DE VELARDE SOLO ESTA PARA HACER MAS RICOS A LOS MILLONARIOS Y MAS POBRES A LOS TONTOS QUE LO ALABAN Y APLAUDEN COMO FOCAS.",0,@heidinarvaez4887,http://www.youtube.com/@heidinarvaez4887,UCF6UD5w4-Xtpkz_GxAXmoDA,2024-10-10T14:22:40Z,2024-10-10T14:22:40Z
"Uno no debe estirarse m√°s de lo que es larga la cubierta. Creo que esto es la esencia de una economia estable. El banco central de Per√∫ hace un gran trabajo pero su excelencia no esta acompa√±ada por un gobierno transparente, cretivo y con el sentido com√∫n.",0,@gaiateatro,http://www.youtube.com/@gaiateatro,UCUYHK48k955O8AqsupAbfaQ,2024-10-10T14:18:56Z,2024-10-10T14:18:56Z
"Gente el banco central es independiente gracias a Fujimori y la constituci√≥n del 93 , sent√≥ las bases de la estabilidad y julio velarde teniendo esas herramientas de independencia a logrado tener a raya y mantenrler la estabilidad pese a la gran ola de corrupci√≥n del pa√≠s.",0,@robertzn2677,http://www.youtube.com/@robertzn2677,UCZjWRLkOgvjxg2ecW-_answ,2024-10-10T14:16:14Z,2024-10-10T14:16:14Z
"Argentinos pese a que tenemos una estabilidad en Per√∫ y una devaluaci√≥n controlada por 30 a√±os  nuestro talon de Aquiles es la corrupci√≥n a gran <a href=""http://escala.si/"">escala.Si</a> Milei quiere eliminar el banco central y no tenerlo independiente es justamente por eso porque ya se adelant√≥ a los hechos y sabe que mientras haya banco central el robo de los pol√≠ticos esta latente.",0,@robertzn2677,http://www.youtube.com/@robertzn2677,UCZjWRLkOgvjxg2ecW-_answ,2024-10-10T14:13:01Z,2024-10-10T14:13:01Z
Un ejemplo que los t√≠tulos solo valen en Per√∫. Tiene maestr√≠a y doctorado con su bachillerato de pregrado de la Pac√≠fico.,0,@animojhs,http://www.youtube.com/@animojhs,UCd5rZzDecUDVO8aoDZ5IRpA,2024-10-10T14:11:10Z,2024-10-10T14:11:10Z
Lo unico eficiente que queda en el estado...,0,@mariellajacobo5020,http://www.youtube.com/@mariellajacobo5020,UCy1CXxSManIt04FHfA5lB9g,2024-10-10T14:07:29Z,2024-10-10T14:07:29Z
Par de payasos enga√±a a quienes no saben la pobreza nunca sea superado ac√° en Per√∫ ay falta de trabajo,0,@hugorivera-wg4et,http://www.youtube.com/@hugorivera-wg4et,UChJsmmf7JCIdh8hgT-8j_pA,2024-10-10T14:06:42Z,2024-10-10T14:06:42Z
Sr Velarde no quiere ser presidente?? Seria el mejor pondria en los ministerios solo a los mejores,1,@saulochoa7986,http://www.youtube.com/@saulochoa7986,UCb5PzCI1CKGAcnJKJWVeulw,2024-10-10T14:00:17Z,2024-10-10T14:00:17Z
"Sir Velarde, trabajando por la Nacion peruana con la pasion deberia  caracterizar a los funcionarios publicos",0,@pennarellablu4947,http://www.youtube.com/@pennarellablu4947,UC-iOrUoVG0AY5Q9V8kx38jQ,2024-10-10T13:59:15Z,2024-10-10T13:59:15Z
"Se deberia poner su imagen en billete de 500 soles, como reconocimiento a su gestion....",0,@JoseLuis-hr6nr,http://www.youtube.com/@JoseLuis-hr6nr,UCU-pWkYvBe79KkcBxqUbKDw,2024-10-10T13:56:26Z,2024-10-10T13:56:26Z
Deber√≠an construirle un monumento o al menos poner un busto de Julio Velarde dentro del BCRP,0,@josecarlossantistebancole9848,http://www.youtube.com/@josecarlossantistebancole9848,UCl9qvhwC-JXJdl-VO647Saw,2024-10-10T13:48:28Z,2024-10-10T13:48:28Z
"Mi hijo de 7 a√±os esta ahorrando todos los d√≠as en su alcanc√≠a, cuando tenia su edad era imposible pensar en eso por la inflaci√≥n de los 80&#39;s. Por todo esto, agradezco infinitamente a Julio Velarde.",7,@cleveroscovidal,http://www.youtube.com/@cleveroscovidal,UC5IjWjhIDxJ_Vs19dkrKtKQ,2024-10-10T13:47:35Z,2024-10-10T13:47:35Z
Si julio Velarde no es nombrado h√©roe de la patria pierdo la poca f√© que me queda en mi pais,0,@thepodcastman1030,http://www.youtube.com/@thepodcastman1030,UCcwtlmhJWselwT7QcQa6cPA,2024-10-10T13:42:35Z,2024-10-10T13:42:35Z
"Nunca el BCRP, se sujete al gobierno central ni al congreso. Su independencia es vital.......para nuestro pais.",0,@antoniocabrera1543,http://www.youtube.com/@antoniocabrera1543,UCYdJ-JKYbaLh0R5-UH8L9_Q,2024-10-10T13:40:32Z,2024-10-10T13:40:32Z
"La verdad no s√© trata de reconocer la buena labor de Julio Velarde al frente del Directorio del BCRP sino m√°s bien la autonom√≠a de su instituci√≥n para tomar buenas decisiones las mismas que est√°n sustentadas y reguladas por la Constituci√≥n Pol√≠tica del 1993 y no servir a los intereses de los gobiernos de turno.<br>Sin embargo, los ciudadanos de a pie peruanos siguen enfrentando desaf√≠os como el desempleo, la pobreza, el alto costo de vida, etc y son los gobiernos con sus pol√≠ticas econ√≥micas enfrentar para dar soluci√≥n a dichos problemas.",0,@luiscerna4055,http://www.youtube.com/@luiscerna4055,UCyjcqAgKwykMRRy0kn2N5lg,2024-10-10T13:40:17Z,2024-10-10T13:40:17Z
Larga vida lord velarde!,0,@antonioguillen7377,http://www.youtube.com/@antonioguillen7377,UCz1LTYxa0lRe9ZwvIiMrQlg,2024-10-10T13:37:58Z,2024-10-10T13:37:58Z
La importancia de tener un Banco Central independiente. No es la caja de ningun gobierno corrupto e incapaz.....,0,@antoniocabrera1543,http://www.youtube.com/@antoniocabrera1543,UCYdJ-JKYbaLh0R5-UH8L9_Q,2024-10-10T13:36:06Z,2024-10-10T13:36:06Z
"PARA LA PRENSA BASURA, PARAMETRADA Y CONVENIDA, ESTE EXMINISTRO DE ECONOMIA ES EL GRAN GENIO SALVADOR DE LA ECONOMIA, NO SE ACUERDAN QUE CUANDO THORNE FUE MINISTRO DE ECONOMIA FAVORECIO AL GRAN CAPITAL, PLANTEANDO EXONERACIONES Y RESCATES DE BANCOS PAGANDO MILLONARIOS DEUDAS DE LOS BANQUEROS, PARA ELLO ESTABA DESDE ENTONCES, HASTA AHORA SU SOCIO JULIO VELARDE COMO PRESIDENTE DEL BCR, QUE EN LUGAR DE SALVAGUARDAR EL DINERO DE TODOS LOS PERUANOS, LO REGALO A LOS BANQUEROS. ESTOS SINVERGUENZAS OPERADORES DE LA MAFIA DEL GRAN CAPITAL TIENEN LA CARA DE SALIR A OPINAR DE ALGO QUE ELLOS NO PUDIERON SOLUCIONAR EN SU MOMENTO",0,@LACASADETONY,http://www.youtube.com/@LACASADETONY,UCVYtsssmNBP7Uj1_RVE1RSw,2024-10-10T13:35:22Z,2024-10-10T13:35:22Z
"BANCO CENTRAL DE RESERVA DEL PERU Y DE OTROS PAISES NO SON &quot;INDEPENDIENTES&quot;, ELLOS TRABAJAN PARA CONTROLAR LA INFLACION - PERO EN ESTADOS UNIDOS -  AL ESTAR OBLIGADOS A COMPRAR LA ESTAFA VERDE (US$) QUE ES EMITIDA SIN EL MAS ABSOLUTO CONTROL,DE TAL FORMA QUE ESOS BILLETES NO RETORNEN A EEUU Y QUE GENEREN INFLACION ALLA.... PERO ESTO SI GENERA INFLACION EN EL MUNDO, ESTO NO SERIA ASI SI TODOS EN EL MUNDO PUDIERAMOS EXPORTAR Y COBRAR EN LA MONEDA QUE SE NOS DE LA GANA.... PERO SI NO SIGUES LAS ORDENES TE MATAN (GADAFFI), TE HACEN GOLPE O FINANCIAN UNA REVUELTA CIUDADANA ... ESA ES LA ESTUPIDEZ ECONOMICA QUE VIVE EL MUNDO, PARA ESO TAMBIEN USAN ESA MISMA ESTAFA VERDE (US$) PARA EXTORSIONAR Y COMPRAR VOLUNTADES DE SUS TITERES.<br>EL BILLETE SE DEBE EMITIR PARA CUBRIR LAS TRANSACCIONES DE BIENES PRODUCIDOS Y NO PARA LA ESPECULACION Y LA USURA IMPRODUCTIVA",0,@victornc8617,http://www.youtube.com/@victornc8617,UCIlykfQQ-dii8n0u-OmQO2A,2024-10-10T13:34:48Z,2024-10-10T13:34:48Z
"A√∫n as√≠ se siente la inflaci√≥n, las subidas en los precios son constantes. Y la pobreza tambi√©n aument√≥ una lo observa en las calles y en las provincias que no son capitales. En Per√∫ no tenemos industria y tampoco existe un plan de gobierno para implementarla",2,@nadiezhda,http://www.youtube.com/@nadiezhda,UC-YpNTiB-tMlCwfL5euwQ9Q,2024-10-10T13:25:49Z,2024-10-10T13:28:26Z
"Dr VeIarde, que seria del Per√∫ sin usted... Muchas gracias por su magnifico trabajo, faltar√° Rep√∫blica para agradecerIe, por su arduo sacrificio de sostener todo el Pais.",4,@Viva_la_constitucion-1993,http://www.youtube.com/@Viva_la_constitucion-1993,UCMRtmLHkWr1asbdb_cyhYxQ,2024-10-10T13:19:29Z,2024-10-10T18:30:32Z
El Sr Julio Velarde es una autoridad. Gracias a el la econom√≠a est√° estable a pesar de las crisis,0,@bibianagamboa8217,http://www.youtube.com/@bibianagamboa8217,UCFJ6kKCXmNOiQnXTCOm8fCg,2024-10-10T13:05:55Z,2024-10-10T13:05:55Z
"Gente para  la pr√≥xima elecciones  elegir  a candidatos  calificados   a funcionarios  con conocimientos  en su rama,no tipas y tipos incapaces  miserables  como la dina ,bellido chirinos la Bazan y  otras espec√≠menes  m√°s.",0,@emeritashapiamaicomenes6240,http://www.youtube.com/@emeritashapiamaicomenes6240,UC7YsFGluqBfAvecxXGIicIw,2024-10-10T12:59:33Z,2024-10-10T12:59:33Z
"P0rque el covid llevo al desempleo y crecio la pobreza  en los estados , cual era la funcion del estado para detener el desempleo y la  grandes pobrezas ,cual fue la funcion  de peru para detener estos problemas.",0,@RenanArrascueVidarte,http://www.youtube.com/@RenanArrascueVidarte,UCgKrkWpQ5wzYKKckJYP-aMQ,2024-10-10T12:45:01Z,2024-10-10T12:45:01Z
"En agradecimiento por la estabilidad monetaria, como m√≠nimo, un billete con su rostro",0,@archibaldyronwood6975,http://www.youtube.com/@archibaldyronwood6975,UC_O0jQf1509n9n84Ya-vKxA,2024-10-10T12:43:25Z,2024-10-10T12:43:25Z
"DIOS LO BENDIGA DON JULIO VELARDE, SU SABIDURIA PARA EL MANEJO DEL BCR JUNTO CON TODO EL EQUIPO DE PERSONAS QUE LO ACOMPA√ëAN EN LA TAREA .",5,@Rocio-nr5ec,http://www.youtube.com/@Rocio-nr5ec,UCGUBjaXSywKUB-PnrCN9D5A,2024-10-10T12:41:26Z,2024-10-10T12:41:26Z
¬øQu√© le pas√≥ a Fantino? :o,0,@◊†◊ë÷¥◊ô◊ê-◊®6◊¢,http://www.youtube.com/@%D7%A0%D7%91%D6%B4%D7%99%D7%90-%D7%A86%D7%A2,UCBGqUO46AEdjnnPQQGNjDrA,2024-10-10T12:41:25Z,2024-10-10T12:41:25Z
Se√±or Julio Velarde presidente de Peru,0,@leninrodriguez6673,http://www.youtube.com/@leninrodriguez6673,UCdMoSLaWJfK89DDvbtHN2eA,2024-10-10T12:33:37Z,2024-10-10T12:33:37Z
"Ojal√° pudieramos tener en el Palacio Ejecutivo, en el Palacio Legislativo y en el Palacio Judicial autoridades tan inteligentes y profesionales como Don Julio Velarde. Lamentablemente tenemos en esos puestos a autoridades corruptas y mediocres",0,@ilcb4829,http://www.youtube.com/@ilcb4829,UCQDrHY-cLIBnqFTVfFp4W5g,2024-10-10T12:04:55Z,2024-10-10T12:04:55Z
Un Grande del Per√∫ es usted se√±or Velarde.,0,@josenapanga4434,http://www.youtube.com/@josenapanga4434,UCPguvtBVhw0rgmHtMYzGP9Q,2024-10-10T11:53:18Z,2024-10-10T11:53:18Z
"¬øY por qu√© hay pobreza e informalidad? <br><br>Ya no es culpa de Mr. Velarde que el Gobierno Central y los terrucos de los Gobiernos Regionales no aprovechen lo que el BCR les pone en bandeja de plata: estabilidad monetaria, baja inflaci√≥n, y posibilidad de cr√©ditos a bajo costo. <br><br>Sarta de ladrones e incompetentes.",0,@jorgegonza8681,http://www.youtube.com/@jorgegonza8681,UCQn9nDEQTpKiQ-mTJ_LsrOw,2024-10-10T11:51:32Z,2024-10-10T11:52:59Z
"LOS BCR DE HISPANOAM√âRICA SON LAS OFICINAS DEL FMI , DIRECTORIOS QUE SON SIERVOS DE LA PLUTOCRACIA FINANCIERA SIONISTA, SE LO ENTREGAN TODO. SU MONEDA ES FIDUCIARIA = DINERO/DEUDA= PUTA USURA.  <br>LA NACI√ìN PERUANA EJERCE GRACIAS A SUS RIQUEZAS NATURALES  , AL PATR√ìN TRABAJO DEL PERUANO DE A PIE y A SU F√â DE ESP√çRITU CAT√ìLICO.",0,@raymond7932,http://www.youtube.com/@raymond7932,UCkuiYjkrKiY8hgEf8yqo_8Q,2024-10-10T11:34:30Z,2024-10-10T11:34:30Z
Gracias por nacer en el Per√∫. Si todos los funcionarios del estado fueran c√≥mo ud. Ser√≠amos un mejor pa√≠s.,1,@cloudwario1984,http://www.youtube.com/@cloudwario1984,UC9vO-BF7IA7o9NWUkiNqnmQ,2024-10-10T11:33:38Z,2024-10-10T11:33:38Z
Espero que un sector de los peruanos no tiren el trabajo y esfuerzo  de julio Velarde eligiendo al desquiciado Antauro Humala.,0,@rigobertolaracaballero7099,http://www.youtube.com/@rigobertolaracaballero7099,UCDWmkMqNHaQPO6rAwbVgouw,2024-10-10T11:29:39Z,2024-10-10T11:29:39Z
"Velarde NO es intelectual xq NO tiene una investigacion economica reconocida.<br><br>Velarde es un buen gestor, me gustaria verlo en otro sector con menos recursos economicos, x ejemplo el sector saneamiento.<br><br>Velarde si te consideras un buen economista xq NO agarras el ministerio de econo y finanz.<br><br>Muchos chupamedias en este lugar, el peruano endiosa a personas con pocos argumentos, un ejemplo de esto es el caso de Gareca, los peruanos lo endiosaron y hoy Gareca hace un desastre en Chile.",0,@EdwinEduardoOliveraCuadros,http://www.youtube.com/@EdwinEduardoOliveraCuadros,UCIL-O2ZfSpdweifRzLirCtA,2024-10-10T11:26:37Z,2024-10-10T11:26:37Z
"LOS NORTEAMERICANOS LO QUIEREN TRABAJANDO ALLA...Y LO QUISIERON NACIONALIZAR...UNO DE LOS ECONOMISTAS MAS BRILLANTES DEL PLANETA, VALE UN PERU..!!!!!!!!!!!!!!!",12,@user-op9mj4bv3y,http://www.youtube.com/@user-op9mj4bv3y,UCNNUNlVg2Y4jmU5udnjR0Bg,2024-10-10T11:05:20Z,2024-10-10T11:05:20Z
"Y en el congreso te quisieron faltar el respeto y te acusaron de ganar 41 mil soles, que poco ganas Julito deber√≠as ganar mucho mas por que te lo mereces y todo el Per√∫ lo sabe, eres el ejemplo de los funcionarios p√∫blicos, mereces ser presidente",0,@freemusicforyou3374,http://www.youtube.com/@freemusicforyou3374,UCu-U43SpHMQRY19U1va-u0g,2024-10-10T10:51:45Z,2024-10-10T10:51:45Z
"DESDE Q ESTA ESTE TIPO EN EL BCR , SOLO SOMOS UN PAIS DECORATIVO DE CRECIMIENTO MACROECONOMICO Y DE MONEDA &quot;FUERTE &quot; , POR DENTRO ESO NO SE REFLEJA JAMAS EN EL BOLSILLO DE LOS PERUANOS .",0,@wilfredocp7242,http://www.youtube.com/@wilfredocp7242,UC1vYCcvZB0WW0dQ2aRe2FBA,2024-10-10T10:47:20Z,2024-10-10T10:47:20Z
"gracias Julito Velarde por ayudarnos y no ser como muchos pol√≠ticos hip√≥critas y corruptos,,JULIO CORAZON<a href=""UCkszU2WH9gy1mb0dV-11UJg/EvkfY6uNC5OykQOewoCQAQ""></a><a href=""UCkszU2WH9gy1mb0dV-11UJg/EvkfY6uNC5OykQOewoCQAQ""></a>üòÄüòÄ",0,@freemusicforyou3374,http://www.youtube.com/@freemusicforyou3374,UCu-U43SpHMQRY19U1va-u0g,2024-10-10T10:44:20Z,2024-10-10T10:44:20Z
El √∫nico pol√≠tico que justifica su sueldo ese se√±or Julio Velardeüéâ,1,@susanchannel6198,http://www.youtube.com/@susanchannel6198,UCkvF4bmWG7sGPw-IB_1SZ0Q,2024-10-10T10:43:08Z,2024-10-10T10:43:08Z
Nosotros debemos colaborar por no elegir radicales que solo se ponen de acuerdo para delinquir.,0,@luisagusto6008,http://www.youtube.com/@luisagusto6008,UC6M58YfDSiI-I2VqHdECm6A,2024-10-10T10:20:31Z,2024-10-10T10:20:31Z
"30 a√±os en el poder de una instituci√≥n nacional, imaginen todo lo ke ha robado este falso mes√≠as cuyo m√©todo econ√≥mico no lo aplican otros pa√≠ses solo cuando es necesario, en el covid no se uso las reservas parala emergencia y se dej√≥ morir a m√°s de 300mil peruanas y peruanos incluso se recurri√≥ a un pr√©stamo internacional de m√°s de cien a√±os para cubrir ese d√©ficit de salud pero no se us√≥ las reservas, entonces en k√© beneficia todo este pote de humo de econom√≠a  y dolar estable, la gente com√∫n m√°s del 95 por ciento ve como su salario y ganancias igual se deval√∫an, los precios aumentan, la realidad es diferente a la ke este dictador institucional cifra en numeritos, solo los extranjeros y sus empresas transnacionales crecen, los dem√°s nada solo veamos a lima ke en d√©cadas sigue siendo la capital m√°s fea de am√©rika, en Per√∫y no tenemos ciudades con edificios, el centralismo parasita y destruye las provincias verdes y limpias... Hay ke hacerle una investigaci√≥n total a este corrupto idolatrado por los vendepatrias, treinta a√±os falseando la realidad del pa√≠s con nuestra econom√≠a",0,@onkoymatacristianoz7079,http://www.youtube.com/@onkoymatacristianoz7079,UCN66NjBD1a3oN8CyadZnjMw,2024-10-10T09:58:57Z,2024-10-10T09:58:57Z
Eso es obra de fujimori.. q hizo q el bcr sea un ente independiente.... sino fuera independiende.. como en otros paises creo q no lo son... peru estaria.. en nada....,1,@juanvaldivia1129,http://www.youtube.com/@juanvaldivia1129,UCgbge9iX2CIbfnSZ9HpDcLw,2024-10-10T08:58:14Z,2024-10-10T08:58:14Z
El sue√±o humedo de todo rojo es sacar a velarde y meter a un rojo desflcar el bcr .. repartirse millones entre ellos.. comprar almpueblo con bonos. Como argentina.. espantar la inversion... tener la aprobacion de la gente.  .. los primeros a√±os... y quedar como venezuels... en poco tiempo...,0,@juanvaldivia1129,http://www.youtube.com/@juanvaldivia1129,UCgbge9iX2CIbfnSZ9HpDcLw,2024-10-10T08:55:32Z,2024-10-10T08:55:32Z
Es un Mentiroso,0,@martinpino-fj3jp,http://www.youtube.com/@martinpino-fj3jp,UCywwn4Rr7fnTRn1jxPYqsGw,2024-10-10T08:30:06Z,2024-10-10T08:30:06Z
Este Sr.lo puso el Apra  ‚Ä¶..a el no lo golpe√≥ el Covi a pesar de la gordura de su billetera,0,@martinpino-fj3jp,http://www.youtube.com/@martinpino-fj3jp,UCywwn4Rr7fnTRn1jxPYqsGw,2024-10-10T08:29:21Z,2024-10-10T08:29:21Z
Sr Velarde UD si que nos cuidada desde el punto como un t√©cnico econ√≥mico es el √∫nico que VERDADERAMENTE TRABAJA EN EL PER√ö lo dem√°s el gobierno los del congreso esos son unos payasos ineptos izquierda bloqueado del pensamiento racional bueno Grande Sr Velarde Dios lo bendiga siempre y por siempre,0,@victorandres69,http://www.youtube.com/@victorandres69,UC4Pweg0LGpV8ry8zyvoYrCQ,2024-10-10T08:26:37Z,2024-10-10T08:26:37Z
"Esta desde el a√±o 2007 puesto por la dba! Y Per√∫ con su flotaci√≥n sucia no es ning√∫n ejemplo de nada, a nosotros no nos enga√±an m√°s, dejen de pagar a su granjas de bots  y dejen de hacer y pagar propaganda (con el dinero del Estado) de decir que Per√∫ es el pa√≠s de las maravillas.",0,@contratroll821,http://www.youtube.com/@contratroll821,UCdgwvHWe0S7Ld7-of0Y8_zQ,2024-10-10T08:10:27Z,2024-10-10T08:10:27Z
"Si Per√∫ no est√° en recesi√≥n es gracias a la cultura trabajadora de los peruanos y las peruanas y gracias al Dr. Julio Velarde, todo esto a pesar del congreso y ejecutivo ineptos.",0,@Carlos-dx7kf,http://www.youtube.com/@Carlos-dx7kf,UC3frFDJmJLIW_RB3vSeN2gw,2024-10-10T07:16:43Z,2024-10-10T07:16:43Z
Larga vida al sr Julio Velarde! Dios lo bendiga,3,@jandrox3890,http://www.youtube.com/@jandrox3890,UCMoLNl7A7-W7jTgT6NR4AeA,2024-10-10T06:59:25Z,2024-10-10T06:59:25Z
"Gracias por manter la economia, literal esta carreando el pais.<br>espero que el Sr Velarde nos dure mucho tiempo, pero como plan b, que vaya preparando a alguien capaz para que lo suceda cuando llegue el momento.",1,@victorraulsantivanezrodriguez,http://www.youtube.com/@victorraulsantivanezrodriguez,UC9_MhqXFzwJYp2eyyk8V27w,2024-10-10T06:58:17Z,2024-10-10T06:58:17Z
"el periodista pregunt√≥ lo mismo q le preguntaron en el congreso, solo q en diferente argot",1,@rogergiovanidavilazapata1675,http://www.youtube.com/@rogergiovanidavilazapata1675,UCdGGrGKKm0AUDJV-eJgLe0g,2024-10-10T06:57:32Z,2024-10-10T06:57:32Z
"San Julio üôèüèº sin ud nada me faltar√° , gracias por todo Don Julio que Dios lo bendiga siempre.",0,@redheart1711,http://www.youtube.com/@redheart1711,UCRqhaBTzbmNsTJME6Hj9NgA,2024-10-10T06:57:27Z,2024-10-10T06:57:27Z
Se√±or Velarde haga que deroguen la ley de las afp hay millones de peruanos que necesitan su dinero as√≠ como usted apoy√≥ a miles de empresarios con el REACTIVA ahora haga que miles de peruanos puedan jubilarse anticipadamente para poner un negocio y sacar a su familia adelante... recuerde que su tarea es el manejo de la &quot;masa monetaria&quot; se lo pide un humilde peruano,0,@EnriqueHern√°ndez-i3f,http://www.youtube.com/@EnriqueHern%C3%A1ndez-i3f,UCNqNVkeEkclRaKRF8H3hVPQ,2024-10-10T06:45:25Z,2024-10-10T06:45:25Z
"Es impresionante como tiene una fama demasiado grande para su performance en el BCRP desde el a√±o 2006.Tiene fallas enormes soslayadas por una prensa que no conoce ni ausculta.Velarde no compr√≥ una sola onza de oro pese a que el suscrito y terceros s elo pedimos  desde que asumi√≥ el mando.Una cos increible y se dej√≥ de ganar RIN por unos US$ 25,000 millones al precio  de hoy que es de US$ 2,500 la onza troy.Como presidente del FEF su rentabilidad y administraci√≥n fue deficiente y de tener US$ 9,100 millones lo dejo en el 2020 en tan s√≥lo un millon, lo cual fue un absurdo. EL FEES CHILENO DEMUESTRA ESTA MALA ADMINISTRACION DE ESTE SE√ëOR.  Es defeNsor A ULTRANZA  de la banca y miente al decir que la informalidad cobra 800%  ANUAL por creditos.Defensor de la estafa de las AFP; no tiEne sino candidato a doctorado, no es doctor de Brown University. Es asimismo un desconocedor de la bolsa y confunde las RIN que tiene suma de teRceros como encajes de los bancos con la POSICION DE CAMBIO. eL SE√ëOR ESTA SOBRE PONDERADO Y LA GENTE ES SIMPLOna Y POCO SABE DE POLITICA MONETARIA. pARA COLMO EN EL 2013 CON EL TAPERING DLLIDO LUEGO DE TRES QE DE LA FED GASTO COMO  US$ 12,000 MILONES DE LAS RESERVAS PUES ESTABA PROTEGIENDO UN ENDEUDAMIENTO DE RESIDENTES EN EL PAIS POR MAS DE 33,000 MILLONES DE DOLARES. A RAIZ DE ESO SE CAMBI LA MATODOLOGIA DE MANEJ A SWAPS CAMBIARION,P√âRO ELLO  LO HIZO SU CEO QUIEN DESGRACIADAMENTE FALELCIO CON EL COVID. ESTE TIPO ES SIN DUDA UNA FIGURA ABSOLUTAMENTE SOBRE PONDERADA. UN POCO PERO CON DISTANCIA D ELO QUE PASO CON ALAN GRENSPAN, HASTA QUE SE CONOCIO SUS DEBILIDADES Y NO SOLO SUS FUERZAS DEL FAMOSO PRESIDENTE D ELA FED. VELARDE HA TENIDO FALLAS ENORMES,PERO LA OPOSICIION EN PERU ES DE LAS MALAS, SU MAYORIA DE CONGRESISTAS SON CASI ANALFABETOS EN LO QUE ES POLITICA MONETARIA. -",1,@dennisfalvy,http://www.youtube.com/@dennisfalvy,UC8T44ul1V8-hcUtt2UDBq2Q,2024-10-10T06:40:56Z,2024-10-10T06:40:56Z
"El mejor, capo de capos",0,@gustavopolar5908,http://www.youtube.com/@gustavopolar5908,UCQzvtGyK9t_ulJf2wlKXIVA,2024-10-10T06:36:07Z,2024-10-10T06:36:07Z
Y dios dijo:,0,@JohnJon93,http://www.youtube.com/@JohnJon93,UCkaLntrFw9Bcx-9C32PMPNw,2024-10-10T06:23:59Z,2024-10-10T06:23:59Z
"TODO  EL  PERU , DICE...Por favor este se√±or, que no se muera....COMO DIRIAN LOS ITALIANOS...CAPO DI CAPI....esta desde el 2006 y ning√∫n pol√≠tico que se sienta en la silla presidencial, se atreve a removerlo de su cargo, porque hace tan bien su gesti√≥n, que removerlo de su cargo, seria pr√°cticamente, traici√≥n a la patria...claro estoy exagerando, pero asi es",0,@pedrocastillo7547,http://www.youtube.com/@pedrocastillo7547,UCfTaMN7SmynV4AtqovWEcAA,2024-10-10T06:10:33Z,2024-10-10T06:10:33Z
"Lord velarde , puede postular y tener puestos en empresas privadas pero decidio quedarse en el peru con un sueldo misero a lo ofrece al peru. Merece mas reconocimiento",0,@victorguzman8604,http://www.youtube.com/@victorguzman8604,UCvSSV3h_yj80nnrsRS3SJOQ,2024-10-10T05:56:05Z,2024-10-10T05:56:05Z
"ESTE SE√ëOR NO ESTA EN UNA ISLA QUE NO SE HAGA, Y ES EL CULPABLE DE LA POBREZA MONETARIA MAS BAJA DEL MUNDO QUE ES PERU DONDE LA POBREZA LLEGO AL 60%, ES UN CINICO, EL PERU NO DA PARA MAS, LA CAPACIDAD ADQUISITIVA BAJO EN 2023-2024 CASI AL 80% AL 100% Y ES SU CULPA DIRECTA, POR EL MAL MANEJO DE LAS RESERVAS QUE CAUSA LA INFLACION Y DEL BCRP O LOS QUE ENTREVISTAN SON IGNORANTES O EL ENTREVISTADO!",1,@adancem,http://www.youtube.com/@adancem,UCcuLXmPC5HUCQVF1NqCsMgQ,2024-10-10T05:40:04Z,2024-10-10T05:44:00Z
Buen trabajo del Presidente del Directorio. Saludos cordiales desde Asunci√≥n Paraguay. Dios les bendiga,15,@Angello20-PY,http://www.youtube.com/@Angello20-PY,UCbEjRTFjBMUIs3FgXy4mdfQ,2024-10-10T05:39:56Z,2024-10-10T05:39:56Z
"Julio Velarde,viejo cobarde y miserable, servil de la ultraderecha peruana, y espia de la CIA.",0,@GabrielDiazdelaguila,http://www.youtube.com/@GabrielDiazdelaguila,UCCLKgQN0PqWrAohl1eUuRFA,2024-10-10T05:31:27Z,2024-10-10T05:31:27Z
El unico funcionario publico que sabe lo que hace y TRABAJA...y por lo tanto gana lo que gana sin discusi√≥n...,1,@paulschlacter2954,http://www.youtube.com/@paulschlacter2954,UC9XfkU8Z-ACufFgL9rYXeKQ,2024-10-10T05:31:08Z,2024-10-10T05:31:08Z
"Brillante, no dudo un billete de buena denominaci√≥n tenga estampada su rostro cuando ya no este entre nosotros...sera recordado...",2,@paulschlacter2954,http://www.youtube.com/@paulschlacter2954,UC9XfkU8Z-ACufFgL9rYXeKQ,2024-10-10T05:27:49Z,2024-10-10T05:27:49Z
Da gusto escuchar a una eminencia en la economia lo maximo el sr. Velarde,5,@georgediazortiz1736,http://www.youtube.com/@georgediazortiz1736,UCs3XUMbWL8ewaryQB7vSJvA,2024-10-10T05:26:23Z,2024-10-10T05:26:51Z
Jajajaja ese panz√≥n es un fraude solo crece la macro economia pero la micro econom√≠a esta jodido el Per√∫ ese perro s√≥lo sirve a los ricos y jode a los pobres,0,@hectoraquiles8138,http://www.youtube.com/@hectoraquiles8138,UCZqBgFL3J230oJS7__ZEmYA,2024-10-10T05:17:01Z,2024-10-10T05:17:01Z
julio velarde el √∫nico que hace su trabajo en el gobierno,0,@niltonfarequipa1316,http://www.youtube.com/@niltonfarequipa1316,UCeED13MgSafeyXf1Ir_5uFA,2024-10-10T05:08:32Z,2024-10-10T05:08:32Z
"Este es un t√≠tere de EEUU, el Per√∫ funciona se maneja en autom√°tico, el que decide qui√©n est√° bien o No son las ELITES, el Per√∫ es la torta de las √©lites EEUU china Inglaterra Canad√° etc, imposible ser tocado por las crisis mundiales, Per√∫ es el mejor esclavo de las √©lites, todos los gobiernos del Per√∫ son t√≠teres de los millonarios üòÇüòÇüòÇ",0,@kiorcar4502,http://www.youtube.com/@kiorcar4502,UCn-KwqY1sZFPtl58BCdCufw,2024-10-10T05:06:15Z,2024-10-10T05:06:15Z
Per√∫ no es ejemplo de nada. Velaede tambi√©n es parte causante de la crisis vivida. Su mala lectura sobre inflaci√≥n acab√≥ agravando la crisia.,0,@eueu2270,http://www.youtube.com/@eueu2270,UCLKpXOl50QBVD71kq1kWAbA,2024-10-10T05:05:57Z,2024-10-10T05:05:57Z
üî•üî•üî•,1,@Renzoalejo,http://www.youtube.com/@Renzoalejo,UCSnERpt6ahXeew1yHY1dIjw,2024-10-10T05:04:34Z,2024-10-10T05:04:34Z
"Un buen funcionario, a lo contrario de esas verg√ºenzas  del congreso",0,@giovanirodolfoalatristagon6099,http://www.youtube.com/@giovanirodolfoalatristagon6099,UCKhqUMY0Sk62zYceHWrV-QA,2024-10-10T05:02:06Z,2024-10-10T05:02:06Z
"Gracias se√±or Julio Velarde,los peruanos le agradecemos su trabajo en el BCR.",4,@piliguerra2273,http://www.youtube.com/@piliguerra2273,UCm2CDC4sDSAHwcFMYZvoQmQ,2024-10-10T05:01:12Z,2024-10-10T05:01:12Z
Si todos los funcionarios en los ministeriores tuvieran un poco de experiencia y dedicacion al se√±or Velarde otro seria el cantar,0,@Visualdesign3d,http://www.youtube.com/@Visualdesign3d,UC3wwIfYjV3Vu_vT1wgJJ3pA,2024-10-10T05:00:08Z,2024-10-10T05:00:08Z
"Pobres lapicitos, no creo que puedan ENTENDER esto.",3,@pauluca√±aycarrasco,http://www.youtube.com/@pauluca%C3%B1aycarrasco,UC8m5TOD9yn_Uq8qc_UL-F5A,2024-10-10T04:57:52Z,2024-10-10T04:57:52Z
"Mentiroso antes del cocido ya Per√∫ encabezaba con 40% de desnutrici√≥n de ni√±os en Per√∫, no tiene creatividad este programa",0,@JoseTorres-ft6mt,http://www.youtube.com/@JoseTorres-ft6mt,UC2nZWLgXI4i0jR2KDc7pxaw,2024-10-10T04:56:56Z,2024-10-10T04:56:56Z
por qu√© ese simple mortal le llam√≥ &#39;se√±or&#39; a nuestro Lord Velarde? no sabe que tiene un Phd?,1,@henrykmarkos,http://www.youtube.com/@henrykmarkos,UCGrs13hKWqVdJlpDYPSCIxQ,2024-10-10T04:52:27Z,2024-10-10T04:52:27Z
"Lo veo mayor, quien lo suceder√°??",0,@diritazanabria1007,http://www.youtube.com/@diritazanabria1007,UCdsFHDp3rSAc0ln3Y8vVeqw,2024-10-10T04:49:33Z,2024-10-10T04:49:33Z
El es el Heroe de nuestro pais no mantienen vivos con nuestra econom√≠a... SALUD PARA USTED MAESTRO,4,@josevrs4291,http://www.youtube.com/@josevrs4291,UCDTXlzPh8iEVU_YgrAyt5FQ,2024-10-10T04:49:22Z,2024-10-10T04:49:22Z
"Julio Velarde,deberia ser nombrado como el personaje del bicentenario.",0,@josesanchez5674,http://www.youtube.com/@josesanchez5674,UC9o5ANIxS0l1YuTiKobmgNQ,2024-10-10T04:44:30Z,2024-10-10T04:44:30Z
julio velarde deberia ser personaje de billete,0,@kevinsantivanez,http://www.youtube.com/@kevinsantivanez,UC3qYOrppIto0Eci7u5aLB7g,2024-10-10T04:42:20Z,2024-10-10T04:42:20Z
"Per√∫ puede tener un buen nivel de estabilidad econ√≥mica, pero el salario minimo a caido al ser hoy Per√∫ uno de los salarios mas bajos en toda latinoam√©rica.<br>Hace 5 a√±os el salario minimo en Peru era mayor a Colombia,Mexico y Brasil.<br>Hoy esos paises han superado el salario minimo a Peru, porque?. Muy simple en Per√∫ PRACTICAMENTE NO EXISTE AUMENTO DEL SALARIO MINIMO. En los 5 a√±os q indique antes esos 3 paises tuvieron mas de 5 veces aumentos del salario m√≠nimo. En Per√∫ solo ha habido 1 solo aumento del salario minimo en 5 a√±os. Pq en Per√∫ no desean aumentar el salario m√≠nimo?. Tendremos q mirar q todos nos pasan?.Podra refutarme Javier Velarde y demostrar q el  salario real a subido comparado con los demas paises?. Obviamente que no, las cifras son crueles para el salario minimo peruano estancado en 280 d√≥lares,cuando Colombia esta por encima de 320 d√≥lares. Dura realidad q el BCR no analiza el salario minimo en Per√∫. Sorry pero Javier Velarde dando informaci√≥n en el salario minimo peruano se nubla x completo. Lo siento pero las cifras son IRREFUTABLES!",0,@peladito2006,http://www.youtube.com/@peladito2006,UCEjQoreuB3PFTpgNOSmHFTg,2024-10-10T04:34:26Z,2024-10-10T04:34:26Z
Como vas hacer falta se√±or Julio Velarde cuando no est√© a cargo del BCR üò¢,0,@jesuschristian7686,http://www.youtube.com/@jesuschristian7686,UCCYw9N3DUJ62OjGiae0Wx-w,2024-10-10T04:29:52Z,2024-10-10T04:29:52Z
"Julio Velarde, presidente del BCRP, en CNN en espa√±ol. El guardi√°n de la pol√≠tica monetaria del Per√∫, fundamento de nuestra econom√≠a.  üëèüëèüëè",1,,http://www.youtube.com/c/JorgeRa%C3%BAlFloresGallegos,UCblmESqlkReRWW3c9B6Iy4A,2024-10-10T04:27:46Z,2024-10-10T04:27:46Z
Julio Velarde da tranquilidad al Per√∫ en el √°mbito econ√≥mico,1,@javieralbaoficial6630,http://www.youtube.com/@javieralbaoficial6630,UCDeTpc24M_Cd9YEdLRI7yHw,2024-10-10T04:09:13Z,2024-10-10T04:09:13Z
DIOS BENDIGA peru üáµüá™ huanuco üáµüá™,0,@rosamirocaceres4622,http://www.youtube.com/@rosamirocaceres4622,UCfz94neoxH7LSm4uVHjqzfQ,2024-10-10T04:01:32Z,2024-10-10T04:01:32Z
Este se√±or SI es un servidor del pueblo.<br>Este se√±or podria tranquilamente ganar millones trabajando para un banco pero ha decidido servir a su pais.<br><br>Le deseo mucha salud y exitos!,1,@dalobucaram7078,http://www.youtube.com/@dalobucaram7078,UCaO-YIDHN4kUsWivx6sQVBw,2024-10-10T04:01:11Z,2024-10-10T04:01:11Z
A Milei no le gusta este video,0,@wilmermejiacarrion5028,http://www.youtube.com/@wilmermejiacarrion5028,UCDVzRO08cMdI2xJdxpGYb4g,2024-10-10T03:57:05Z,2024-10-10T03:57:05Z
El gran Capo de la Econom√≠a del Per√∫ üáµüá™ üáµüá™ üáµüá™,3,@JoseDiaz-yh1qo,http://www.youtube.com/@JoseDiaz-yh1qo,UCqJyozP8e91Wo7QZ8W3YkTg,2024-10-10T03:55:58Z,2024-10-10T03:55:58Z
Demasiado profesional para los mononeuronales congresistas peruanos,0,@abdulalmaharib8098,http://www.youtube.com/@abdulalmaharib8098,UCffXWD5sZjECcbmZFAkbCJQ,2024-10-10T03:51:41Z,2024-10-10T03:51:41Z
Si Velarde no encuentra un delf√≠n para que lo suceda Dios nos agarre confesados!,0,@aaronmendoza7596,http://www.youtube.com/@aaronmendoza7596,UCbpANaMKrhhgaPVPcXrPEhw,2024-10-10T03:48:35Z,2024-10-10T03:48:35Z
Yo lo asesoro a Velarde.,0,@adrianquinones6129,http://www.youtube.com/@adrianquinones6129,UCba--QuDtfY-T7jU32XWQ9Q,2024-10-10T03:40:01Z,2024-10-10T03:40:01Z
As√≠ asolapado pero creo que Velarde le di√≥ el visto bueno a las pol√≠ticas de Milei,1,@jesusramos778,http://www.youtube.com/@jesusramos778,UCJM4OQO36-MkXLyawxX-0Iw,2024-10-10T03:38:40Z,2024-10-10T03:38:40Z
Merece su premio nobel de econom√≠a mas de 27 a√±os con inflaci√≥n contralada,8,@maumora8161,http://www.youtube.com/@maumora8161,UCdAnNp6136g6zTLw-xfZC3A,2024-10-10T03:35:07Z,2024-10-10T03:35:07Z
Gracias Mr Velarde por ser un gran Peruano üáµüá™  que ama a su patria!! Dios le dea muchos a√±os mas de buena salud y sabiduria. El Peru üáµüá™  te lo agradece,0,@ChristianJG,http://www.youtube.com/@ChristianJG,UCTtmX92niuApl1sd_rLQZZQ,2024-10-10T03:30:36Z,2024-10-10T03:30:36Z
QUE LAMENTABLE QUE ESTE SE√ëOR SABIOLONGO  SE SIGA ENRIQUECIENDOSE A COSTA DE LA FASELDA Y EL ENGA√ëO Y ENTREGANDO EL DINERO DEL PUEBLO A PEQUE√ëOS GRUPOS DE PODER MUY LAMENTABLE MIENTRAS LA POBRESA SIGUE HACIENDO ESTRAGOS EN EL PAIS.,0,@jorgebecerra4799,http://www.youtube.com/@jorgebecerra4799,UCR_Dt3cUPoBXAZ82ITZpPRQ,2024-10-10T03:23:25Z,2024-10-10T03:23:25Z
"Si no fuera por √©l y su equipo, no s√© d√≥nde estar√≠amos.",2,@JENNIFERLILIANAQUISPEOBREGON,http://www.youtube.com/@JENNIFERLILIANAQUISPEOBREGON,UCA7UdUcKHhz6-RgcrDU70Jg,2024-10-10T03:22:30Z,2024-10-10T03:22:30Z
El Dr Velarde da una c√°tedra en econom√≠a pero los peruanos nos vamos a la catedral del BAR üç∫ a gastarlo todo,0,@pepevlima7360,http://www.youtube.com/@pepevlima7360,UCNvHJ5AawLcz5IeBAHmZhww,2024-10-10T03:16:33Z,2024-10-10T03:16:33Z
Grande Julio !!!!,1,@albertocornejo799,http://www.youtube.com/@albertocornejo799,UCmyovTPn6RyjnKZrWE7s-8g,2024-10-10T03:06:38Z,2024-10-10T03:06:38Z
El dolar es una moneda sin sustento<br>El dolar  tiene una deuda de 37 trillones<br>3700000000000000<br>Y su deuda sube 34 millones diarios solo en inter√©s <br>PERO VEO K AUN HAY INGENUOS TONTOS ETC,0,@josefernandez-ti4zo,http://www.youtube.com/@josefernandez-ti4zo,UCOazqd_NKzAEyTw5W7cGzug,2024-10-10T02:59:02Z,2024-10-10T03:00:01Z
"en serio que Giles los r-Ojetes y caviares para no saber la funci√≥n del BCR . <a href=""http://www.youtube.com/results?search_query=%23nosepuedesermaswebon"">#NoSePuedeSerMasWebon</a>",0,@casacasa9245,http://www.youtube.com/@casacasa9245,UC1gXQ50vBQPTYQjQD3yqssQ,2024-10-10T02:54:47Z,2024-10-10T02:55:13Z
"Este periodista es muy bueno,no como la cochinada del congresista que tenemos",1,@fisicaenunsaz,http://www.youtube.com/@fisicaenunsaz,UC9BPQOELMkPZhKOFlmBBKzQ,2024-10-10T02:51:54Z,2024-10-10T02:51:54Z
Definitivamente velarde debe estar en el billete de 100 soles o siquiera monedas de 1 sol colecci√≥nables,0,@FamiliaCcarhuasArotinco,http://www.youtube.com/@FamiliaCcarhuasArotinco,UCQZMMKebwH0cUCRUDU5vrXw,2024-10-10T02:51:19Z,2024-10-10T02:51:19Z
"Buen trabajo, mis respetos.",12,@felipecarpio1010,http://www.youtube.com/@felipecarpio1010,UCuI2lvap9dAVvsbgNzwncWg,2024-10-10T02:49:07Z,2024-10-10T02:49:07Z
Larga vida para Lord velarde,1,@Jos√©luis-f6m,http://www.youtube.com/@Jos%C3%A9luis-f6m,UCKc9adPqGbR5rAwKsUE4n2w,2024-10-10T02:45:49Z,2024-10-10T02:45:49Z
Lord sensei julio velarde,2,@undertak3r25,http://www.youtube.com/@undertak3r25,UC70oiNYm-qNcfJ8xUlez71Q,2024-10-10T02:45:22Z,2024-10-10T02:45:22Z
Larga Vida a Julio Velarde.,9,@alanlozano5176,http://www.youtube.com/@alanlozano5176,UCYP3b_-QoDIdPPvnKcnm_fg,2024-10-10T02:45:16Z,2024-10-10T02:45:16Z
P√°senle este video a los congresistas por fa,8,@marcomenesesrouillon8550,http://www.youtube.com/@marcomenesesrouillon8550,UC313Tajg2A191sndetd3HSQ,2024-10-10T02:44:05Z,2024-10-10T02:44:05Z
Igual con su manejo esta destruyendo el SOL 3% anual,0,@fianhercam,http://www.youtube.com/@fianhercam,UCugb8DjcIYMcX4iSO6ksMQg,2024-10-10T02:43:05Z,2024-10-10T02:43:05Z
üòÇüòÖ pocos se resisten a la maquinita impresora pero de que hacen negocios turbios con los bancos y el tupo de cambio,0,@fianhercam,http://www.youtube.com/@fianhercam,UCugb8DjcIYMcX4iSO6ksMQg,2024-10-10T02:42:13Z,2024-10-10T02:42:13Z
"si, √©l habla as√≠. Para entenderlo, previamente debes de saber de economia y tapar los huecos que deja, de lo contrario no entender√°s absolutamente nada.",0,@richardmakiya7188,http://www.youtube.com/@richardmakiya7188,UC52nv_VhVR8VBd91go9MtFw,2024-10-10T02:37:47Z,2024-10-10T02:37:47Z
A su sueldo le faltan 2 ceros m√°s y bien ganados,0,@alejandrootiniano10,http://www.youtube.com/@alejandrootiniano10,UCcGYUalk8kmo2SA4UbQ504Q,2024-10-10T02:36:02Z,2024-10-10T02:36:02Z
Realmente ilustrativo.,11,@tomasbarretobardales3410,http://www.youtube.com/@tomasbarretobardales3410,UCE_1taiABMcRPWBDLnJqcCQ,2024-10-10T02:33:51Z,2024-10-10T02:33:51Z
Para cu√°ndo el Premio Nobel en econom√≠a para este gran hombre ????,1,@henryquezadarodriguez7019,http://www.youtube.com/@henryquezadarodriguez7019,UCesrm-5UddbtGAIgxKBOK_Q,2024-10-10T02:32:52Z,2024-10-10T02:32:52Z
Los argentinos estan desesperados en salir de su crisis economica es por eso su entrevista espero que salga de ello,1,@miguelangeldelgadogalvez8460,http://www.youtube.com/@miguelangeldelgadogalvez8460,UCGNhXLXuM_TL4fs0MOHi53Q,2024-10-10T02:30:34Z,2024-10-10T02:30:34Z
"En concreto, cu√°l es el Rol de un banco central?üòÆ",0,@juliaflores3036,http://www.youtube.com/@juliaflores3036,UCNBZF8gslYtad4Md2Qp2xqg,2024-10-10T02:26:44Z,2024-10-10T02:26:44Z
"La reducci√≥n de la pobreza tambi√©n depende mucho de que los empresarios pagen salarios gustos a sus empleados que est√°n con sueldos m√≠nimos y que son la mayor√≠a, cuando es sabido que tienen buenas ganancias, sin esperar a que el gobierno les obligue",0,@Jolie-cn5wg,http://www.youtube.com/@Jolie-cn5wg,UCMFnku9n711wpa_hRec7tIg,2024-10-10T02:24:12Z,2024-10-10T02:24:12Z
No quiere ser Presidente Sr Julio Velarde del Per√∫,0,@fredyquintanilla6556,http://www.youtube.com/@fredyquintanilla6556,UCn9Qgl15Wtoj6kdxTG9aZtQ,2024-10-10T02:11:40Z,2024-10-10T02:11:40Z
"Gracias por tanto y perd√≥n por tan poco,esperemos que Dios le de fuerzas por muchos a√±os mas ‚ù§‚ù§‚ù§.",26,@davidjuanhuamanalegria5652,http://www.youtube.com/@davidjuanhuamanalegria5652,UCNsV6CsU79nXHijzRHHsK5g,2024-10-10T02:11:09Z,2024-10-10T02:11:09Z
"Gracias por su gran trabajo Sr Julio Velarde!! es el heroe del siglo XXI para nosotros los peruanos. Realmente su valioso tiempo fue desperdiciado sentandose frente a esos ineptos congresistas, que son extremadamente ignorantes y flojos que teniendo tantos asesores, ni siquiera le dedicaron unos minutos a informarse y leer sobre el rol del BCR!! Mucha salud y vida para usted Sr Julio Velarde y gracias por darnos tranquilidad financiera a los peruanos!!",3,@VictorSpy7,http://www.youtube.com/@VictorSpy7,UCfexwBNpK3FvJO20wd-Dh9A,2024-10-10T02:10:05Z,2024-10-10T02:13:36Z
El dia que belarde fallesca el peru se ira a la mierda estudien gente para que se vayan del pais cuand√≥ cuando ese dia llegue,0,@sebastianhuacho6029,http://www.youtube.com/@sebastianhuacho6029,UCPwuk6R3Aji7GxjuMakwhpg,2024-10-10T02:08:24Z,2024-10-10T02:08:24Z
"Yo creo debe quedar en la historia del Peru, es como un oasis dentro de tanta corrupcion , Dios bendiga al Sr. Velarde",6,@SeguridadSanisidro,http://www.youtube.com/@SeguridadSanisidro,UCNjOrqw3mnREhyZUanVm5qg,2024-10-10T02:07:43Z,2024-10-10T02:07:43Z
"Pocos profesionales, casi contaditos q quedan,  como profesional, no le queda grande tanta responsabilidad, de un nivel internacional, un verdadero orgullo nacional",21,@SeguridadSanisidro,http://www.youtube.com/@SeguridadSanisidro,UCNjOrqw3mnREhyZUanVm5qg,2024-10-10T02:04:16Z,2024-10-10T02:04:16Z
Sabes lo que tienes que  hacer  y eso es admirable    que sera cuando  ya no estees en life ojala nada cambie,2,@WilsoncarlHuallancsortiz,http://www.youtube.com/@WilsoncarlHuallancsortiz,UCmjl-8xT9yUyaynl_OCh5dg,2024-10-10T01:57:02Z,2024-10-10T01:57:02Z
"Perd√≥n por tan poca calidad de padres de la patria, esperamos votar mejor la pr√≥xima elecci√≥n.",0,@tbbgangryu,http://www.youtube.com/@tbbgangryu,UClYjiVLRbLGzyPwPdrQGb0w,2024-10-10T01:53:16Z,2024-10-10T01:53:16Z
Mis respetos a este gran profesional Un peruano q trabaja siempre alejado de los gobiernos de turno ... Gracias  a Ud y su equipo x tanto en nuestro pa√≠s.,10,@percymendoza6380,http://www.youtube.com/@percymendoza6380,UCrXKEUNnNbbpTCBrWfmp5Gw,2024-10-10T01:52:52Z,2024-10-10T01:52:52Z
Agradecido con usted.,13,@yachasun6267,http://www.youtube.com/@yachasun6267,UCSNs_fQZIJEwYDd_A7R7phA,2024-10-10T01:52:27Z,2024-10-10T01:52:27Z
"Es evidente cuando un profesional se avoca netamente a su responsabilidad,los resultados siempre seran positivos,el sr Velarde merece ganar mucho mas de lo que se le paga",1,@BRAULIO2012,http://www.youtube.com/@BRAULIO2012,UC_n1PaXflz4wHDruAJK3iYQ,2024-10-10T01:50:56Z,2024-10-10T01:51:48Z
"Un hombre que nunca se metio en lo politico, solo se centro en lo tecnico. Grande sr Velarde",8,@Jorge-si8io,http://www.youtube.com/@Jorge-si8io,UCqekFG__9VAhOhFCldnt1YA,2024-10-10T01:50:38Z,2024-10-10T01:50:38Z
"NO GRACIAS A √âL SINO A TODOS LOS PERUANOS QUE DUERMEN SOLO 3 HORAS PARA SALIR ADELANTE, A LOS AGRICULTORES NO LES IMPORTO LA PANDEMIA MUCHOS MURIERON POR CULPA DE ESTE VIRUS PERO SIGUIERON SEMBRANDO PERO NADIE HABLA DE ELLO",0,@ksinm1814,http://www.youtube.com/@ksinm1814,UCH5-iYXAk5khN6BxSm9LoRg,2024-10-10T01:49:31Z,2024-10-10T01:49:31Z
54% de pobreza en Per√∫ al 2024...estamos p√©simo,0,@moises8110,http://www.youtube.com/@moises8110,UCnMrrNFkTQfikMGcb0-lt8w,2024-10-10T01:48:22Z,2024-10-10T01:48:22Z
"Julio Velarde es mi pastor, nada me falta",0,@casantander,http://www.youtube.com/@casantander,UCMKc4i2skh3qUmShjiVNv9A,2024-10-10T01:45:39Z,2024-10-10T01:45:54Z
El ente responsable de que los peruanos estemos economicamente estables... mi respeto y admiracion para el Sr. Julio Velarde,70,@richitravieso,http://www.youtube.com/@richitravieso,UCZsUQoJ2Y_VJtX9qGIm15Ig,2024-10-10T01:40:49Z,2024-10-10T01:40:49Z
Valerde ser√≠a un muy buen presidente escogiera a los mejores para ocupar los ministerios dejando por supuesto al mejor a cargo del BCR,11,@luisfernandofloresgarcia4661,http://www.youtube.com/@luisfernandofloresgarcia4661,UCDcd4IPTPaISrHfE55F6d8Q,2024-10-10T01:36:45Z,2024-10-10T01:36:45Z
üßê,1,@jeffleninbarriosyufra5407,http://www.youtube.com/@jeffleninbarriosyufra5407,UCUN5QnkeXYyVYCxM4Olamsg,2024-10-10T01:34:15Z,2024-10-10T01:34:15Z
"Solo espero que este sr , est√© dejando pupilos üò¢",1,@leilamallqui5321,http://www.youtube.com/@leilamallqui5321,UCUVdD2_uMibZ6CKcIhSSkJg,2024-10-10T01:32:49Z,2024-10-10T01:33:04Z
"Esa son preguntas , no como esos congresistas",3,@diegochipana5874,http://www.youtube.com/@diegochipana5874,UC1zgf-yj_HWFFqI6muNC7kw,2024-10-10T01:29:52Z,2024-10-10T01:29:52Z
üôèüèªüôèüèªüôèüèª,2,@leilamallqui5321,http://www.youtube.com/@leilamallqui5321,UCUVdD2_uMibZ6CKcIhSSkJg,2024-10-10T01:25:35Z,2024-10-10T01:25:35Z
Tiene todo el agradecimiento de todos los Peruanos <br>Que Dios lo bendiga y proteja,8,@lucyschuler988,http://www.youtube.com/@lucyschuler988,UCA_ayb7VCYKSew0AmYEh0LA,2024-10-10T01:24:55Z,2024-10-10T01:24:55Z
"Ya le dijo la fija a los argentinos no dolaricen su moneda ya que el d√©ficit fiscal igual va a ser en pesos o d√≥lares, lo que deben realizar es independencia del BCR DE Argentina",21,@fernandoruizgomez1668,http://www.youtube.com/@fernandoruizgomez1668,UCStHVtxdfHkKaLcoNDTFhrQ,2024-10-10T01:22:24Z,2024-10-10T01:22:24Z
"La idea de Milei es eliminar el control de la emisi√≥n. Pq okey, independiza el banco, y se levanta el peso. Pero su va Milei y regresa un Peronista que se ponga a emitir. Nuevamente cae argentina. Sin BCR evita ese problema y deja una linea clara para el movimiento del dolar",1,@bbarrod777,http://www.youtube.com/@bbarrod777,UCmEPc87wzlgAZakr48ooq2g,2024-10-10T01:18:57Z,2024-10-10T01:18:57Z
"Don Julio Velarde, un gran peruano !!",10,@jaimerios4706,http://www.youtube.com/@jaimerios4706,UCqOZ4Xz3Rdu4oQz7uozXPmQ,2024-10-10T01:14:12Z,2024-10-10T01:14:12Z
"Aunque uno lo desee, el Sr. Velarde no podr√° permanecer 100 a√±os al frente del BCRP, alg√∫n dia tendr√° que pasar al retiro.<br>Mi esperanza es que los sucesores ya seleccionados tengan al menos una fracci√≥n de la sabidur√≠a del Sr. Velarde para dirigir a esta instituci√≥n tan importante para el Peru.",4,@AlexKasper,http://www.youtube.com/@AlexKasper,UCNcpCUfqgwitS0tty1L8JTg,2024-10-10T01:06:33Z,2024-10-10T01:06:33Z
Un grande,11,@LuisVasquez-i6i,http://www.youtube.com/@LuisVasquez-i6i,UC7HaLVkEh6XVPPXjL3Cf7pQ,2024-10-10T01:05:16Z,2024-10-10T01:05:16Z
"El se√±or Velarde es lo poco bueno que le queda a este pa√≠s, y espero que ante cualquier intervenci√≥n de parte del congreso al BCR todos debemos salir a defender, sea izquierda, derecha o centro.",2,@Neptaly339,http://www.youtube.com/@Neptaly339,UC0ra7xwvKv2nM6oe2rmO1_Q,2024-10-10T01:01:34Z,2024-10-10T01:01:34Z
JULIO VELARDE CON SU TRABAJO HA DEMOSTRADO CON CRECES QUE AMA AL PERU¬°VIVA LA DEMOCRACIA PRECARIA EN EL PERU!¬°ESCOJAMOS UN BUEN PRESIDENTE O PRESIDENTA EL 2026!,1,@efraintito8037,http://www.youtube.com/@efraintito8037,UCbpU5d-_SfUfkEOSg0kH3kA,2024-10-10T01:01:02Z,2024-10-10T01:01:02Z
Ya quisiera argentina tener un profesional de la talla de Julio Velarde,5,@FERMINHUGONAVARROGARAY,http://www.youtube.com/@FERMINHUGONAVARROGARAY,UC5qqep27nC05bVdXbygN9tg,2024-10-10T01:00:11Z,2024-10-10T01:00:11Z
Esto es simple que la moneda del sol peruano se sustenta su poder adquisitivo mediante la deuda muestra el FMI,0,@HyrenScanthyr,http://www.youtube.com/@HyrenScanthyr,UCBnrYKvGV1REJHpt6Qu8-6Q,2024-10-10T00:58:39Z,2024-10-10T01:00:06Z
"MUCHAS GRACIAS SR JULIO VELARDE, ESPERO QUE POR EL BIEN DEL PERU, SE QUEDE EN EL BCR POR MUCHOS A√ëOS.",73,@josemariabenavidescarmoba2590,http://www.youtube.com/@josemariabenavidescarmoba2590,UCLc4Td1GAD97GtUWi0hCz-Q,2024-10-10T00:57:26Z,2024-10-10T00:57:26Z
Que raro a este periodista no le responde que el solo administra el BCR y que no tiene nada q ver con las pol√≠ticas del gobierno. El tema es que todo bien en lo macro pero en el Peru cada vez se vive peor.,0,@joseperez-se7nj,http://www.youtube.com/@joseperez-se7nj,UCacUe7itWvXXccm3NOwiRCA,2024-10-10T00:51:17Z,2024-10-10T00:51:17Z
Dios cuide al Sr Velarde üôåüèª,15,@danielfuentesp6293,http://www.youtube.com/@danielfuentesp6293,UCguc_vR1x7Twfc5W0OBDbKA,2024-10-10T00:50:04Z,2024-10-10T00:50:04Z
"El se√±or Velarde, representa lo bueno del Per√∫",34,@juanchiappe5190,http://www.youtube.com/@juanchiappe5190,UCScd8vAoPFzU0XWYXN_Gpng,2024-10-10T00:49:07Z,2024-10-10T00:49:07Z
"ojala lo dejen trabajar tranquilo y no hacerle perder el tiempo haci√©ndolo ir al congreso a ense√±arles las funciones del BCR....que ignorancia total de parte de los congresistas, verguenza mundial.",3,@wilbertfloresrios6593,http://www.youtube.com/@wilbertfloresrios6593,UCL0DFubakkWH4dg_N-6oGhQ,2024-10-10T00:46:20Z,2024-10-10T00:46:20Z
Grande julio velarde el pr√≥ximo gobierno debe darle 5 a√±os mas al frente del BCRP,4,@lavidadelfanatico3698,http://www.youtube.com/@lavidadelfanatico3698,UCx5W5ySQrjOuE3GRy3dyK0w,2024-10-10T00:41:21Z,2024-10-10T00:41:21Z
"Lord Velarde ,usted mi amigo tiene que ser presidente",29,@FernandoFlores-hr1fm,http://www.youtube.com/@FernandoFlores-hr1fm,UCRCV7H9N1HXGOcBXSy3ZesQ,2024-10-10T00:41:19Z,2024-10-10T00:41:19Z
"Velarde est√° con c√°ncer, qui√©n ser√° el pr√≥ximo Gigachad que lo reemplazar√°? Espero deje su disc√≠pulo.",1,@tormentorxxxxxxxxxx,http://www.youtube.com/@tormentorxxxxxxxxxx,UCzbOHlmU3o0n7B1FyZlGv3w,2024-10-10T00:33:23Z,2024-10-10T00:33:23Z
"los burros del congreso que miren esta entrevista, haber si aprenden un 2%",1,@chicatita12,http://www.youtube.com/@chicatita12,UCnU36pzEYgC056W1h_PiFpw,2024-10-10T00:27:13Z,2024-10-10T00:27:13Z
"Dr Velarde, lo que ud diga mi lord ü§ó",1,@ulisescollavino,http://www.youtube.com/@ulisescollavino,UC05ttnjZr0AaCPBfRs1978w,2024-10-10T00:25:08Z,2024-10-10T00:25:44Z
Nuestro respeto y agradecimiento Sr. Velarde,122,@mercedesmillones1425,http://www.youtube.com/@mercedesmillones1425,UCAm8-jzS-DLhsDxix2ZFmtA,2024-10-10T00:21:41Z,2024-10-10T00:21:41Z
La pobresa crecio mucho por el loby del covid que hizo VIZCARRA con la oms si no todo esto no hubiera pasado,0,@ElJusticieroARIEL,http://www.youtube.com/@ElJusticieroARIEL,UChd7t3Bbv8KF5fcXxvRY3KA,2024-10-10T00:21:10Z,2024-10-10T00:21:37Z
üôáüôáüôá,1,@maxts9391,http://www.youtube.com/@maxts9391,UCpcCJAU7stvvmsySHIf7bpQ,2024-10-10T00:20:33Z,2024-10-10T00:20:33Z
Me saco el sombrero.. palabras mayores.. üéñMejor banquero central del mundo por 8 a√±os consecutivosüèõ<br>Del Peru con amor..üá¶üá∑üáµüá™üíï,122,@dnielperu1964,http://www.youtube.com/@dnielperu1964,UCvaRz5x42OUPw24im0pMaLg,2024-10-10T00:20:08Z,2024-10-10T00:20:08Z
"Por favor Julio Velarde, busca un sucesor! No dejes que pase una tragedia a tu persona y luego los pol√≠ticos de turno se aprovechen de la situaci√≥n, para que coloquen a un imb√©cil y destruyan la moneda peruana. :/",2,@Yax321654,http://www.youtube.com/@Yax321654,UCZgGSwCIGdcGyJ2lNJVCT-w,2024-10-10T00:17:15Z,2024-10-10T00:17:15Z
"Julio Velarde es un mascota fiel de FMI  y BM y cumple su trabajo al pie de la letra de estas entidades, no me dejaran mentir cuando estuvo pedro castillo en la presidencia, este hijo de su madre Velarde sub√≠a el precio del d√≥lar a s/ 4, adem√°s en esta entrevista no habla que en el Per√∫  AUMENTO LAPBREZA en un 29%, no se dejen enga√±ar con este lacayo de FMI Y BM.",0,@allinccapinomacusanicaraba5010,http://www.youtube.com/@allinccapinomacusanicaraba5010,UCEop1bM9QobHhi2eWQ3hqLw,2024-10-10T00:10:59Z,2024-10-10T00:12:50Z
Excelente.,12,@JoseCarlos-vr8nz,http://www.youtube.com/@JoseCarlos-vr8nz,UCimQmBsTxCYGc37tVQI-c1g,2024-10-10T00:10:56Z,2024-10-10T00:10:56Z
Y pensar que el puka Bellido quer√≠a el puesto de Julio Velarde en el BCRP durante el gobierno de Castillo ü§£ uff de lo que nos salvamos,1,@alexcama-v9b,http://www.youtube.com/@alexcama-v9b,UCfqVrScl6fl0oBhNKXWBg_w,2024-10-10T00:10:52Z,2024-10-10T00:12:16Z
"En el Peru, el Sr. VELARDE es mas querido que Papa Noel y solo le sigue Jesus y el Nene Cubillas por poco.",0,@unnamedone5514,http://www.youtube.com/@unnamedone5514,UC57T4APG0zyfE-ZZUz-2h-Q,2024-10-10T00:07:50Z,2024-10-10T00:07:50Z
No entiendo hasta ahora ese resentimiento de la izquierda peruana contra este gran hombre.<br><br>Se demostr√≥ en las absurdas preguntas que le hicieron hace unos d√≠as.<br><br>Felizmente nadie de otro pa√≠s est√° enterado de esa enorme verg√ºenza causada por los congresistas peruanos.<br><br>¬øVerdad?<br><br>üôÇüáµüá™,2,@MariaelenaCamara-l7t,http://www.youtube.com/@MariaelenaCamara-l7t,UCwtMFuXWSmaFNoyw8RJ3Bhg,2024-10-10T00:07:14Z,2024-10-10T00:07:14Z
"Sin un marco constitucional que blinda la autonom√≠a del BCR hoy no tendr√≠amos a un profesional como el Dr. Velarde, el manoseo politico solo genera mediocridad‚Ä¶",3,@ricardojimenez5948,http://www.youtube.com/@ricardojimenez5948,UCLrA1Qt6GIJIzDJS8SQ7D-A,2024-10-10T00:06:59Z,2024-10-10T00:06:59Z
Dicen que ante un mal mayor y siempre hay una  horma  de su zopato  o una contra fuerza  y es Velarde  que a Per√∫ lo respalda  y si  fuera estos otros economistas Per√∫  ya estuviera como sac9 de mendigo sin ofender  vendido con Peruanos de yapa,0,@alfonsoeleuteriomontesmaxi7307,http://www.youtube.com/@alfonsoeleuteriomontesmaxi7307,UCb9UVlPNJaZTLQEYQeGRQPw,2024-10-10T00:05:43Z,2024-10-10T00:05:43Z
"Como duele ver las canas y calvas de nuestro salvador Julio Velarde, por favor no se jubile.",23,@dawn3239,http://www.youtube.com/@dawn3239,UCBqGe26FsMcTu0Lqqa7RKQQ,2024-10-10T00:01:20Z,2024-10-10T00:01:20Z
"El √∫nico que justifica su sueldo porque el restoüòíes por eso que a pesar de la inestabilidad pol√≠tica, la econom√≠a aun se mantiene",19,@MiriamrossmeryMamanicondori,http://www.youtube.com/@MiriamrossmeryMamanicondori,UCz5gRhY2FG9kmtMBdKA6b3g,2024-10-10T00:00:46Z,2024-10-10T00:00:46Z
"Segasti entrevistando a Julio Velarde, que joya de entrevista.",66,@dawn3239,http://www.youtube.com/@dawn3239,UCBqGe26FsMcTu0Lqqa7RKQQ,2024-10-10T00:00:31Z,2024-10-10T00:00:31Z
Excelente,5,@CristhianjonasJaraAlva,http://www.youtube.com/@CristhianjonasJaraAlva,UCClm8sdLo0ZIYBfnm4-7RUw,2024-10-10T00:00:08Z,2024-10-10T00:00:08Z
"Un Banco central deja limpio y cuidado el terreno en √≥ptimas condiciones para sembrar y cosechar, ya le toca a los gobiernos la siembre y la cosecha",19,@investigacionesproyectos6635,http://www.youtube.com/@investigacionesproyectos6635,UCK6WMRR8UKtudlSQx4LYaSQ,2024-10-09T23:59:16Z,2024-10-09T23:59:43Z
"Te queremos Julio Velarde, espero encuentres un buen sucesor a futuro. <br>Eres lo que nosotros, ciudadanos ignorantes que vendemos nuestro voto por un taper, un concierto de chicha o unas galletas con frugos, no debemos tocar ni meternos en tu buen trabajo.<br>Sigue manteniendo nuestro sistema econ√≥mico que cada vez est√° siendo tan dif√≠cil e ignora las cr√≠ticas de esos congresistas que nuestros impuestos les pagan 4 asesores y hacen al final preguntas est√∫pidas. Per√∫ no te merece, pero ah√≠ est√°s, contra viento y marea limpiando la suciedad de gente que nuestras manos votantes les regala el poder.",1,@josedurand7154,http://www.youtube.com/@josedurand7154,UCnvyqtSdTj9EdpkzlgwC5Ow,2024-10-09T23:57:33Z,2024-10-09T23:57:33Z
LA POBREZA NO LA SIENTE EL PORQUE GANA MAS DE 40MIL SOLES MENSUALES,0,@fernandocabrera7029,http://www.youtube.com/@fernandocabrera7029,UCzsvfR9bczs7Y0dVyrOo6sg,2024-10-09T23:54:58Z,2024-10-09T23:54:58Z
Ejemplo en corrupci√≥n,0,@fernandocabrera7029,http://www.youtube.com/@fernandocabrera7029,UCzsvfR9bczs7Y0dVyrOo6sg,2024-10-09T23:53:34Z,2024-10-09T23:53:34Z
Sr. Julio Velarde que dios te cuide y te de larga vida,71,@luciollachuacarhuas1895,http://www.youtube.com/@luciollachuacarhuas1895,UCDia__82m_LzrGTsAP4Q6Aw,2024-10-09T23:50:55Z,2024-10-09T23:50:55Z
"unas ganas de mandarte 200 soles sr julio para un desayuno, lo minimo que puedo hacer.",25,@JhonGonzales-ub3jg,http://www.youtube.com/@JhonGonzales-ub3jg,UClh6KA6EawLB5Tisf6DTU_g,2024-10-09T23:42:57Z,2024-10-09T23:42:57Z
El presidente del directorio del BCRP  es un genio en econom√≠a del Peru. Julio Velarde est√° comentando catedra al reportero de la CNN es espa√±ol.,30,@artemiowildervalerrodrigue7161,http://www.youtube.com/@artemiowildervalerrodrigue7161,UCaELTYK09oZoheEyHDDk3cw,2024-10-09T23:42:48Z,2024-10-10T00:43:04Z
Que ser√≠a de nuestro amado Per√∫ sin el se√±or Julio Velarde  y sus directivos Dios lo bendiga,157,@raquelelizabethfernandezpa1376,http://www.youtube.com/@raquelelizabethfernandezpa1376,UCP51aa9QnNtGhu8bQjnlfmw,2024-10-09T23:39:16Z,2024-10-09T23:39:16Z
"Cuando Velarde habla, uno escucha.",277,@jodrhh,http://www.youtube.com/@jodrhh,UCn4YGRPkzHVEv817eypfkoA,2024-10-09T23:30:56Z,2024-10-09T23:30:56Z
"todo es gracias a la constitucion del 93,sin ese marco legal el desempe√±o de Velarde hubiera sido nulo,por eso los comunistas ,rojos,caviares  la quieren cambiar.",1,@daxnc,http://www.youtube.com/@daxnc,UCZJkkprJyjV5DncpTjS5zNA,2024-10-09T23:30:28Z,2024-10-09T23:30:28Z
"SE√ëOR JULIO VELARDE POR FAVOR DESPIERTE A LEONES!! ES HORA DE APOYAR AL PER√ö NO SOLO EN EL BCR SI NO QUE DIGA LAS VERDADES DE LA ECONOM√çA EN EL PER√ö Y SOBRE TODO QUE PUEDA AYUDAR A QUE SALGAN PERSONAS CAPACES DE TOMAR LAS RIENDAS DE NUESTRO PA√çS, NO COMO LOS IMPRESENTABLES DEL CONGRESO Y EL EJECUTIVO",8,@jobmolina9627,http://www.youtube.com/@jobmolina9627,UC7pLj5or4xRmCdj68hFFPRg,2024-10-09T23:27:39Z,2024-10-09T23:27:39Z
"Lo malo son algunos pol√≠ticos que No van en la misma direcci√≥n con un Per√∫ con mas trabajo, mejor sector salud, estabilidad pol√≠tica, obras para los que mas necesitan nivel nacional... ojala cambie 2026 elegir mejor",3,@jorgeespinoza-ym5mr,http://www.youtube.com/@jorgeespinoza-ym5mr,UCmJDPI7v-GcXPXav8Z0FiVA,2024-10-09T23:24:07Z,2024-10-09T23:24:07Z
"Cuando las nuevas generaciones pregunten, ¬øqu√© es hacer patria?; sin dudarlo una de las primeras respuestas ser√° el gran Julio Velarde.<br><br>Gracias por demostrar que el sector publico, tambi√©n puede tener funcionarios de bien üôáüèª‚Äç‚ôÇÔ∏è",192,@carlosenriquefigueroacampo9402,http://www.youtube.com/@carlosenriquefigueroacampo9402,UC_Dre8rLNJJ9vtQ6hK9pgTQ,2024-10-09T23:22:05Z,2024-10-09T23:22:05Z
"Ahora, no te podemos clonar",2,@coilarz7554,http://www.youtube.com/@coilarz7554,UC2ve7McRK9mRhy-_6MpsSJg,2024-10-09T23:18:11Z,2024-10-09T23:18:11Z
El BACHILLER BELARDE PRIMERO QUE SAQUE SU TITULO DE ECONOMISTA,2,@MarcialanibalCenascasamayor,http://www.youtube.com/@MarcialanibalCenascasamayor,UC-7f2LjlvX9nHtJafvfk0Mw,2024-10-09T23:16:51Z,2024-10-09T23:16:51Z
"Dios lo bendiga Sr Velarde,  a usted y todo su equipo en el BCR . Gracias por hacer bien su   trabajo.üáµüá™üëçüáµüá™üëçüí™",73,@dianadesingbonifaz4046,http://www.youtube.com/@dianadesingbonifaz4046,UCmTQSBiyEdIyeQox7RFuFLQ,2024-10-09T23:12:59Z,2024-10-09T23:12:59Z
Muy respetable el Sr Velarde!! Felicitaciones!,65,@claudiasoto9805,http://www.youtube.com/@claudiasoto9805,UCnRh97QypmuFDU6h7237oJw,2024-10-09T23:06:39Z,2024-10-09T23:06:39Z
El sr. Velarde es un profeta en su tierra.,47,@FernandoRamirez-ed4qz,http://www.youtube.com/@FernandoRamirez-ed4qz,UCmnbCFLFZtc9XBGju8ntF8Q,2024-10-09T23:00:01Z,2024-10-09T23:00:01Z
"Ojala Velarde est√© dejando buena escuela, para que sus reemplazo sea algo idoneo.",21,@jnestor8943,http://www.youtube.com/@jnestor8943,UCsRyKt3oLuGdvEeH6dd1Kpg,2024-10-09T22:48:59Z,2024-10-09T22:48:59Z
Dios te bendiga Sr Julio Verlarde.... no tienes idea la admiraci√≤n .... el respeto  ... el cari√±o y el amor q sienten todos lo s peruanos por ti......lo  q  hiciste y haces por el PERU no tiene PRECIO,363,@marcelodeldesierto478,http://www.youtube.com/@marcelodeldesierto478,UC08Q29EEyndj6frlZ4jHZbg,2024-10-09T22:43:42Z,2024-10-09T22:43:42Z
"Julio Velarde es la persona m√°s respetada en Per√∫, es m√°s el mundo m√°s cree en √©l que en el pa√≠s",71,@linxin738,http://www.youtube.com/@linxin738,UCwQT8nqUj5LqV00mUR9mdQQ,2024-10-09T22:09:13Z,2024-10-09T22:09:13Z
