authorDisplayName,authorChannelUrl,authorChannelId,channelId,videoId,textDisplay,parentId,canRate,likeCount,publishedAt,updatedAt
@BreakPointMP,http://www.youtube.com/@BreakPointMP,UC_49ElhhVd1BO7MsdBPm77Q,{'value': 'UC_49ElhhVd1BO7MsdBPm77Q'},RPcwUunWqhs,ME GUSTA AL VIDEO SI APOYAS A MILEI!!!,Ugz_6Yh3NErktiJaMv14AaABAg,True,159,2024-10-11T00:41:08Z,2024-10-11T00:41:08Z
@germannebredaperez8842,http://www.youtube.com/@germannebredaperez8842,UC9YfldAA1QL9vBdlaLfSkCw,{'value': 'UC9YfldAA1QL9vBdlaLfSkCw'},RPcwUunWqhs,Esta te utiliza para su inter√©s pero no es de fiar,UgzQUHsotndGug6n6m54AaABAg,True,0,2024-10-11T06:19:54Z,2024-10-11T06:19:54Z
@Renatazalasar,http://www.youtube.com/@Renatazalasar,UCu11CB2zDf3rn-WntwoVxMw,{'value': 'UCu11CB2zDf3rn-WntwoVxMw'},RPcwUunWqhs,GENIOOOO MARIANOO‚ù§‚ù§‚ù§‚ù§ü¶Åü¶Åü¶Åüí™üí™üí™üí™‚ù§‚ù§‚ù§‚ù§‚ù§ü¶Åü¶Åü¶Åü¶Åü¶Åü¶Åü¶Å‚ù§‚ù§‚ù§‚ù§‚ù§‚ù§‚ù§‚ù§‚ù§‚ù§‚ù§‚ù§,Ugwzv1VLQ-K6eJgFXeN4AaABAg,True,1,2024-10-11T06:14:18Z,2024-10-11T06:14:18Z
@chanta95,http://www.youtube.com/@chanta95,UCevndii1Yhfyoew8ogxnYzA,{'value': 'UCevndii1Yhfyoew8ogxnYzA'},RPcwUunWqhs,Marianito la pa√±uelo verde te trato re bien la re bardeaste con el titulo üòÇ,UgwhKwyC6Asx4vSM3It4AaABAg,True,0,2024-10-11T06:10:21Z,2024-10-11T06:10:21Z
@heisenberg7394,http://www.youtube.com/@heisenberg7394,UCVDcpUkSXBzQMc3wJR1-w0A,{'value': 'UCVDcpUkSXBzQMc3wJR1-w0A'},RPcwUunWqhs,Like solo por el titulo que metiste jsjsjsj üòÑ,UgwqFqGM3k8D7b_bpPx4AaABAg,True,0,2024-10-11T06:08:21Z,2024-10-11T06:08:21Z
@germannebredaperez8842,http://www.youtube.com/@germannebredaperez8842,UC9YfldAA1QL9vBdlaLfSkCw,{'value': 'UC9YfldAA1QL9vBdlaLfSkCw'},RPcwUunWqhs,"Le percibo muy, muy falsa a esta chica",UgzQYyD_fgPnTBsRKB54AaABAg,True,0,2024-10-11T06:07:33Z,2024-10-11T06:07:33Z
@VictorNicolao,http://www.youtube.com/@VictorNicolao,UCVOMcjId7aiqnspfU6bRB_Q,{'value': 'UCVOMcjId7aiqnspfU6bRB_Q'},RPcwUunWqhs,meterse con su vida privada ser√≠a hablar sobre su intimidad. Inventar que se acostaba con la hermana es algo totalmente distinto. Nunca visto,Ugz4mdQsw4fRDxFGSRR4AaABAg,True,0,2024-10-11T06:02:13Z,2024-10-11T06:02:13Z
@sandrabarboza7438,http://www.youtube.com/@sandrabarboza7438,UCjbeGG3o61RWUwk1RUTe-zQ,{'value': 'UCjbeGG3o61RWUwk1RUTe-zQ'},RPcwUunWqhs,"¬ø¬ø¬° Te parece bien las puteadas del Presidente??? <br>Uds chicos libertarios tampoco se hacen cargo de que no son &quot; blancas palomas de la paz&quot; . Y ¬° ojo! Yo lo vot√© en el ballotage; sigo a Milei desde que ten√≠a su programa en Youtube,concordaba y concuerdo en mucho de lo que dice y hace,pero jam√°s,jam√°s acept√© su estilo discursivo violento, sus ataques de ira que mostraba al comunicar.El hecho de que te agredan con injurias,con mentiras, con ataques a su vida personal, no quiere decir que ¬°¬°¬° deba responder de la misma manera!!!!!  ¬ø Acaso no se puede ser frontal, sincero sin agresiones verbales????<br>Est√° muy bien desmantelar mentiras,datos falsos, con s√≥lidos argumentos como lo hace Javier. Pero...se subieron al pony, son soberbios. Nos miran y nos mean desde arriba. <br>Cualquier persona que no piensa como uds. ,que no ve las cosas como uds. inmediatamente el presidente y los que lo siguen, tratan a esas personas de &quot; zurdos de m.....&quot; &quot; tarados, burros,vagos, planeros,etc.etc&quot;.<br><br>Destrozan al periodismo tradicional. Y se olvidan de que muchos de ellos, con errores y desaciertos, lucharon a su manera, por la libertad de expresi√≥n en √©pocas dif√≠ciles para la democracia, y tambi√©n est√°n los que fueron pioneros en el periodismo de investigaci√≥n que contribuyeron a descubrir hechos de corrupci√≥n pol√≠tica-econ√≥mica.<br><br>Es muy valioso lo que Break Point hace como otros youtubers; pero, bajen la soberbia,por favor. No se la crean. <br>No se enojen,por favorüôè",UgwJHwtGmxAuEfl0vl94AaABAg,True,0,2024-10-11T06:02:01Z,2024-10-11T06:02:01Z
@aroalien,http://www.youtube.com/@aroalien,UCRYUoaoM8PG00X9QDsnIJ2A,{'value': 'UCRYUoaoM8PG00X9QDsnIJ2A'},RPcwUunWqhs,"Che la imagen de tapa la ensucias por demas, si el reportaje fue lo mas amable",UgwUHfpr-9kRlXxUVXF4AaABAg,True,0,2024-10-11T05:58:46Z,2024-10-11T05:58:46Z
@frangiraudo6224,http://www.youtube.com/@frangiraudo6224,UCSUaTRtILl-1i1nmHb0TjLg,{'value': 'UCSUaTRtILl-1i1nmHb0TjLg'},RPcwUunWqhs,Ellos violentan cuando titulan sus notas despectivamente. Esto claramente genera opini√≥n y es otro tipo de violencia tambi√©n. Despu√©s van y se sientan como ni√±os...üòä,UgyyhfkrvhHWzg7NNy14AaABAg,True,0,2024-10-11T05:58:41Z,2024-10-11T05:58:41Z
@ixxo3038,http://www.youtube.com/@ixxo3038,UCsROvIB60P830Gu1JyTOSTg,{'value': 'UCsROvIB60P830Gu1JyTOSTg'},RPcwUunWqhs,"Esta mina es 1/2 pPelotuda, ojala lea este comentario y se ponga a llorar como una pPelotuda! üòäüòä",UgzudiLijn8_qe2Iv0x4AaABAg,True,1,2024-10-11T05:55:43Z,2024-10-11T05:55:43Z
@noemiroldan8307,http://www.youtube.com/@noemiroldan8307,UCRioZnGqZaJ8p7Z0oUImvEg,{'value': 'UCRioZnGqZaJ8p7Z0oUImvEg'},RPcwUunWqhs,Bravo Mariano!!!,UgwA75jBIsD111Gn4IB4AaABAg,True,2,2024-10-11T05:52:15Z,2024-10-11T05:52:15Z
@pialarrea,http://www.youtube.com/@pialarrea,UC8NbUClyBFeeSM2pV7_t-tQ,{'value': 'UC8NbUClyBFeeSM2pV7_t-tQ'},RPcwUunWqhs,"ME DA LASTIMA COMO TE USAN MARIANO, LA ALEGRIA QUE ME DA DE QUE NO PUEDAN SALIR NI A LA ESQUINA, CUIDATE HERMANO PORQUE POSIBLEMENTE TE TERMINEN REVENTANDO. CONSECUENCIAS DE HACERSE TANTO EL VIVO VIRTUALEMENTE Y SER TERRIBLE GILAZO EN LA REALIDAD, BANCATELA COMO CUNEO PEDAZO DE VIRGO!",UgxMeeWQsDNBn2jJYnJ4AaABAg,True,0,2024-10-11T05:45:30Z,2024-10-11T05:45:30Z
@federicoariel3536,http://www.youtube.com/@federicoariel3536,UCI81k8W1PNXZIln8xhzt4gw,{'value': 'UCI81k8W1PNXZIln8xhzt4gw'},RPcwUunWqhs,"es verdad, no durmi√≥ con la elecciones en Venezuela, yo las v√≠ 95% por este canal, hizo una gran cobertura. Este video 33.315 vistas en 4 horas,,,,m√°s de 8000 vistas por hora, un capo, que siga creciendo.üí™üí™üí™üëèüëèüëè",UgzSHP6F3Zgya2J95nx4AaABAg,True,0,2024-10-11T05:39:53Z,2024-10-11T05:39:53Z
@deancorso4382,http://www.youtube.com/@deancorso4382,UCDyRAEb1UuV2we0MFWsi-0A,{'value': 'UCDyRAEb1UuV2we0MFWsi-0A'},RPcwUunWqhs,Igual muy buena onda la periodista.,UgwGETViAgwrYUkVH1J4AaABAg,True,1,2024-10-11T05:32:16Z,2024-10-11T05:32:16Z
@josem.p.8439,http://www.youtube.com/@josem.p.8439,UCIHOI47Apqzq3YV_5eXpawA,{'value': 'UCIHOI47Apqzq3YV_5eXpawA'},RPcwUunWqhs,"MARIANO ERES UN DESASTRE !!......PONES UNOS TITULOS DEL PUTO CARAJO ......LA MINA ?????.... FUE RE BUENA ONDA !!!!!!<br>ES MAS, LA MILF CON ESOS OJOS HERMOSOS, 30 KILOS MENOS Y CON SU PELO CASTA√ëO NATURAL???  LE PIDO MATRIMONIO ...QUE MINA LINDA ES ...O FUE ...QUE DIABLOS !!! <br>CRACCCKKKK MARIAN",UgwWXkkAN_bYm62SjFN4AaABAg,True,0,2024-10-11T05:19:57Z,2024-10-11T05:19:57Z
@LanoGod,http://www.youtube.com/@LanoGod,UCCxWqEn1EiJgGWcaMsNiqnA,{'value': 'UCCxWqEn1EiJgGWcaMsNiqnA'},RPcwUunWqhs,Te la garchaste despu√©s?,UgxdgNdiNJ-aNmGJKdZ4AaABAg,True,0,2024-10-11T05:17:52Z,2024-10-11T05:17:52Z
@erievianel,http://www.youtube.com/@erievianel,UCF2P08yZQmlHDXFhSPO8c0g,{'value': 'UCF2P08yZQmlHDXFhSPO8c0g'},RPcwUunWqhs,"BUE... PERO SI TE TRATO RE BIEN, PORQUE PONES ESE TITULO?",UgwocYHBFKJBtm-8Vnl4AaABAg,True,0,2024-10-11T05:17:49Z,2024-10-11T05:17:49Z
@juanpablogarces181,http://www.youtube.com/@juanpablogarces181,UCrHrXMqTCgzO3GAhkF8K7fg,{'value': 'UCrHrXMqTCgzO3GAhkF8K7fg'},RPcwUunWqhs,Grande Mariano!!!!!!el √©xito no es casualidad es un arduo camino de trabajo y lo demostras campe√≥n.,Ugxin6bjRKuGvYO1JfR4AaABAg,True,1,2024-10-11T05:11:30Z,2024-10-11T05:11:30Z
@Carmenmori-r7n,http://www.youtube.com/@Carmenmori-r7n,UC2T3BymON3eo0vUhThtle9Q,{'value': 'UC2T3BymON3eo0vUhThtle9Q'},RPcwUunWqhs,suerte mariano  buen periodista üëèüëèüëè,UgwBlo9oEPni0afcyNl4AaABAg,True,0,2024-10-11T05:09:17Z,2024-10-11T05:09:17Z
@BlancaCuevas-ny7vx,http://www.youtube.com/@BlancaCuevas-ny7vx,UClZiaPK9NMkQnyTSTlUhfDA,{'value': 'UClZiaPK9NMkQnyTSTlUhfDA'},RPcwUunWqhs,"No, no, no! Digamos las cosas por su nombre! A Cristina le pagamos nosotros con nuestros impuestos, no nos preguntaron si est√°bamos de acuerdo, todos los demas ex Presidentes siguen cobrando cifras siderales sin ponerse colorados, ahora bien Susana trabajo y se gano el dinero son cosas muy distintas! Les juro que si a mi me gritaran chorra? Me muero, que me trague la tierra, a estos sinverg√ºenzas no se les mueve un musculo. Universitarios? Una persona educada NO actua de esta manera! No me digas que pagamos nosotros a el custodio de Lousteau? El colmo!! Si la Universidad es &quot;Aut√°rquica&quot; quiere decir que no necesita de nuestros impuestos! Como contrubutista me URGE saber donde va nuestra plata. AUDITOR√çA. INVESTIGUEN!!!",UgwE8ZNsvAYFyB0NIhF4AaABAg,True,0,2024-10-11T05:06:54Z,2024-10-11T05:06:54Z
@eduardotorres9648,http://www.youtube.com/@eduardotorres9648,UCZxA7urPwlmsjVolRaLZ1vg,{'value': 'UCZxA7urPwlmsjVolRaLZ1vg'},RPcwUunWqhs,Dios bendiga a nuestro PRESIDENTE y a nuestra PATRIA üá¶üá∑üôå,UgzY3A83cyFTOVvMLhV4AaABAg,True,1,2024-10-11T05:01:45Z,2024-10-11T05:01:45Z
@patagonia123,http://www.youtube.com/@patagonia123,UCHi0ZlgfxA97OV0Fxs3shSg,{'value': 'UCHi0ZlgfxA97OV0Fxs3shSg'},RPcwUunWqhs,"Buena entrevista, el t√≠tulo nada que ver",Ugyjz6siVvBtOxq5oxd4AaABAg,True,0,2024-10-11T05:01:18Z,2024-10-11T05:01:18Z
@Dario-bz4mj,http://www.youtube.com/@Dario-bz4mj,UCOw5W-ijUt6OhKygFB0oSMA,{'value': 'UCOw5W-ijUt6OhKygFB0oSMA'},RPcwUunWqhs,"Lastima el titulo del video, te hablo re bien",UgwLPx_6mJ9sWVwYPlF4AaABAg,True,0,2024-10-11T04:55:19Z,2024-10-11T04:55:19Z
@vasily92884,http://www.youtube.com/@vasily92884,UCufwfx_M0Lk71NLZKmi41SQ,{'value': 'UCufwfx_M0Lk71NLZKmi41SQ'},RPcwUunWqhs,Igual se debe reconocer que ella es respetuosa  con mariano  mas alla de si  es mileista o no...eso es importante,UgwStiOfkarsEqI0H3J4AaABAg,True,0,2024-10-11T04:55:08Z,2024-10-11T04:55:08Z
@zuma-fq5dv,http://www.youtube.com/@zuma-fq5dv,UCYUalxS5CRPE-Ehnf5yjrKA,{'value': 'UCYUalxS5CRPE-Ehnf5yjrKA'},RPcwUunWqhs,El problema que los pol√≠ticos manejan clientelismo por ende patotas facultad sindicatos los lideres se blindan con gente paga para defender sus curros ese es el problema como loustou y del uba facultad y la izquierda tambi√©n son las formas de vivir del estado los √∫ltimos 30 a√±os,UgzZnIk-yBDADrOzih14AaABAg,True,0,2024-10-11T04:54:43Z,2024-10-11T04:54:43Z
@MartinCheveste,http://www.youtube.com/@MartinCheveste,UCgXCQFdl6vmY9AZYeAcezCg,{'value': 'UCgXCQFdl6vmY9AZYeAcezCg'},RPcwUunWqhs,que le paso a olivan? volvio a su epoca de 678??,Ugy3doa9cyw0nYAAcP54AaABAg,True,0,2024-10-11T04:52:32Z,2024-10-11T04:52:32Z
@taniabulnes3234,http://www.youtube.com/@taniabulnes3234,UCqpVIqsf6qvS6Qxq5VbyS6g,{'value': 'UCqpVIqsf6qvS6Qxq5VbyS6g'},RPcwUunWqhs,Joven Mariano eres s√∫per bendiciones ‚ù§Ô∏èüáµüá™üá¶üá∑üôè,Ugy1z1XsW-cj24vsHQd4AaABAg,True,1,2024-10-11T04:49:07Z,2024-10-11T04:49:07Z
@pattySanchez-dw4xu,http://www.youtube.com/@pattySanchez-dw4xu,UCfesq7bKj1bnxOViUqjCl0Q,{'value': 'UCfesq7bKj1bnxOViUqjCl0Q'},RPcwUunWqhs,Yo no te ver√≠a,UgwmMCgxHu_vUq2L_Sd4AaABAg,True,0,2024-10-11T04:47:02Z,2024-10-11T04:47:02Z
@cesargimenez1323,http://www.youtube.com/@cesargimenez1323,UC_21WSJYO4aUjb502kPUzZw,{'value': 'UC_21WSJYO4aUjb502kPUzZw'},RPcwUunWqhs,Excelente entrevista. Mar√≠a Julia. No es muy objetiva. No es anti MILEI.,UgxVVlnCv-Oea-x-I794AaABAg,True,1,2024-10-11T04:46:33Z,2024-10-11T04:46:33Z
@veronica4337,http://www.youtube.com/@veronica4337,UCcsgopr13V7hzTV-yrygBcQ,{'value': 'UCcsgopr13V7hzTV-yrygBcQ'},RPcwUunWqhs,Que bien Mariano bien preparado con la repuestas justas,UgzqzAA36in26LNz7yV4AaABAg,True,1,2024-10-11T04:43:31Z,2024-10-11T04:43:31Z
@electront2015,http://www.youtube.com/@electront2015,UCjEYXQnwqYnRA2J-gL4W2vg,{'value': 'UCjEYXQnwqYnRA2J-gL4W2vg'},RPcwUunWqhs,jajaja esta petiodista dice que no mienten como que no si siguen la linea editorial a conveniencia.,UgymSAuRb0QRK0fidgF4AaABAg,True,0,2024-10-11T04:43:25Z,2024-10-11T04:43:25Z
@kevinrodas3282,http://www.youtube.com/@kevinrodas3282,UCuexuNZcfhI2eaMt68AOijw,{'value': 'UCuexuNZcfhI2eaMt68AOijw'},RPcwUunWqhs,Jajajajajaajajajajajajajajajajajaja... LORO POINT ü¶ú,UgxSpzetkC93x5q1ehx4AaABAg,True,0,2024-10-11T04:39:13Z,2024-10-11T04:39:13Z
@veronica4337,http://www.youtube.com/@veronica4337,UCcsgopr13V7hzTV-yrygBcQ,{'value': 'UCcsgopr13V7hzTV-yrygBcQ'},RPcwUunWqhs,Le va ir a todo periodista o periodismo que diga la verdad,UgzDU1AkbaekvXC6FAx4AaABAg,True,0,2024-10-11T04:36:16Z,2024-10-11T04:36:16Z
@marcsaiz1045,http://www.youtube.com/@marcsaiz1045,UCkYnJuGFE1Dh6OhLu26GoRA,{'value': 'UCkYnJuGFE1Dh6OhLu26GoRA'},RPcwUunWqhs,"pero si la entrevista fue bien amigable, estas haciendo click bait diciendo que la humillaste? wtf?",UgwyXIFer5HjF-zSGK94AaABAg,True,0,2024-10-11T04:36:08Z,2024-10-11T04:36:08Z
@gabrielacristinacurti739,http://www.youtube.com/@gabrielacristinacurti739,UC_GCjWyQ4hQv4lhDj4lh-oQ,{'value': 'UC_GCjWyQ4hQv4lhDj4lh-oQ'},RPcwUunWqhs,"DICE Q NO ES MILITANTE Y HACE RATO Q MILITA PARA MILEI  HAY FOTOS , Y TAMBIEN DICE Q CARTONEABA HACE DOS A√ëOS Y HAY FOTOS DE EL EN ROMA üòÇüòÇüòÇ",Ugy3sTWE6K8UDXwGb3F4AaABAg,True,0,2024-10-11T04:35:55Z,2024-10-11T04:35:55Z
@Solapenews,http://www.youtube.com/@Solapenews,UCPy3vB3bckgd1gCCyrcRtuQ,{'value': 'UCPy3vB3bckgd1gCCyrcRtuQ'},RPcwUunWqhs,Genio !!!,UgxUMLI_Q1IuX80cgiR4AaABAg,True,0,2024-10-11T04:33:42Z,2024-10-11T04:33:42Z
@hermanchulia8508,http://www.youtube.com/@hermanchulia8508,UC16_ggVuTfCLOXLXl9I_95g,{'value': 'UC16_ggVuTfCLOXLXl9I_95g'},RPcwUunWqhs,"Alguien sabe porqu√©,a &quot;la Olivan&quot; la declararon &quot;Ciudadana Ilustre&quot; de Esteban Echeverria?",UgzaT1OjOL0NrLsG3F54AaABAg,True,0,2024-10-11T04:33:33Z,2024-10-11T04:33:33Z
@manueleinarrcamaperez3792,http://www.youtube.com/@manueleinarrcamaperez3792,UCMvA5HsahMly1xhMzicmjaA,{'value': 'UCMvA5HsahMly1xhMzicmjaA'},RPcwUunWqhs,"Yo le doy pastillas a mi t√≠a, entonces soy m√©dico",UgwMkQy-zey7mssrQ2F4AaABAg,True,0,2024-10-11T04:33:26Z,2024-10-11T04:33:26Z
@Keni15,http://www.youtube.com/@Keni15,UC-2-0iyy9DBazMFVsHEjFUw,{'value': 'UC-2-0iyy9DBazMFVsHEjFUw'},RPcwUunWqhs,Muy bien Cat Point .,UgzhVBH-n_al7GIpNrJ4AaABAg,True,0,2024-10-11T04:33:14Z,2024-10-11T04:33:37Z
@raulrebolledo-w2l,http://www.youtube.com/@raulrebolledo-w2l,UCJo24EwPkNZnYFmI7StEnpg,{'value': 'UCJo24EwPkNZnYFmI7StEnpg'},RPcwUunWqhs,QUE VIVA EL UNO POR CIENTO M√ÅS RICO DE LA ARGENTINA...!,UgxnWkifM-Oa0azg-AZ4AaABAg,True,0,2024-10-11T04:31:42Z,2024-10-11T04:31:42Z
@magister61,http://www.youtube.com/@magister61,UCR5L78u2EdJcfS6Ef4C90UA,{'value': 'UCR5L78u2EdJcfS6Ef4C90UA'},RPcwUunWqhs,No llegu√© ni a la mitad. Esa mina es insoportable,UgxwL5o137CoI6PzllN4AaABAg,True,0,2024-10-11T04:31:05Z,2024-10-11T04:31:05Z
@LaurieLdeG,http://www.youtube.com/@LaurieLdeG,UCKAnHE-Hmyfv4uiy08lKtAA,{'value': 'UCKAnHE-Hmyfv4uiy08lKtAA'},RPcwUunWqhs,Wow desesperada para que le promociones su espacio!!!üòÇüòÇüòÇüòÇüòÇ,UgxvLGbfUbyUYJAmAIl4AaABAg,True,1,2024-10-11T04:28:52Z,2024-10-11T04:29:13Z
@guzk4,http://www.youtube.com/@guzk4,UC-yQ-4sJwh0oDLpbNg5VMLA,{'value': 'UC-yQ-4sJwh0oDLpbNg5VMLA'},RPcwUunWqhs,Bendiciones Mariano,UgwVFfPxjOU8MHw5skN4AaABAg,True,0,2024-10-11T04:27:06Z,2024-10-11T04:27:06Z
@elianaperezbeteta1090,http://www.youtube.com/@elianaperezbeteta1090,UCurj27FL_O1gmpm0ugKZjng,{'value': 'UCurj27FL_O1gmpm0ugKZjng'},RPcwUunWqhs,Mariano eres un genio,UgwO1vP4IsOSXAycTnt4AaABAg,True,2,2024-10-11T04:26:24Z,2024-10-11T04:26:24Z
@electront2015,http://www.youtube.com/@electront2015,UCjEYXQnwqYnRA2J-gL4W2vg,{'value': 'UCjEYXQnwqYnRA2J-gL4W2vg'},RPcwUunWqhs,periodista es llevar la verdad objetiva a la gente y no seguir una linea editorial tratando de dar la verdad que conviene.asi que sin duda mariano .fijap.mate..lucas.herrero son periodistas independientes.,UgyJEXy3m5RpbHGe-Fd4AaABAg,True,0,2024-10-11T04:25:06Z,2024-10-11T04:25:06Z
@relampago1000mw,http://www.youtube.com/@relampago1000mw,UC7OzEE5iUEDI0PSw1F4uyiQ,{'value': 'UC7OzEE5iUEDI0PSw1F4uyiQ'},RPcwUunWqhs,"Trabaje EN Pfizer del 2012 al 2016 y tuve de gerente Regional una mujer , lesbiana, Ex Marine del Ejercito de EEUU y una GENIA! de que hablan estas &quot;periodistas &quot; de que no OCUPAN puestos de CEO???? basta del relato feminista de izquierda ! BASTA!",Ugw518VB_BxAwJrg0lt4AaABAg,True,0,2024-10-11T04:24:10Z,2024-10-11T04:24:10Z
@DavidBenasulin-hm4rr,http://www.youtube.com/@DavidBenasulin-hm4rr,UCLGcQ9JPMTiv4KEBEBtpqlQ,{'value': 'UCLGcQ9JPMTiv4KEBEBtpqlQ'},RPcwUunWqhs,La fiesta de la doma y el folclore,UgzbuckDvnCogmA4XRR4AaABAg,True,0,2024-10-11T04:21:32Z,2024-10-11T04:21:32Z
@elbalopez3181,http://www.youtube.com/@elbalopez3181,UCzaORw085_nL7d_lgDcf_xQ,{'value': 'UCzaORw085_nL7d_lgDcf_xQ'},RPcwUunWqhs,Qu√© crecimiento como periodista ha tenido Mariano!! Excelente!!,UgxCa8bkqDyGXmA0kfB4AaABAg,True,1,2024-10-11T04:20:44Z,2024-10-11T04:20:44Z
@darthjavo7438,http://www.youtube.com/@darthjavo7438,UC2U5GkWQ-7lyGZ8UmQp_JyQ,{'value': 'UC2U5GkWQ-7lyGZ8UmQp_JyQ'},RPcwUunWqhs,Olivan tiene cheche de Lanata ‚ù§‚ù§‚ù§‚ù§‚ù§‚ù§‚ù§‚ù§‚ù§‚ù§‚ù§,UgxMwYBkzOmBWycy8kZ4AaABAg,True,0,2024-10-11T04:20:25Z,2024-10-11T04:20:25Z
@miguel3,http://www.youtube.com/@miguel3,UCH2hqf2yelX3z4oq0IWp3Gg,{'value': 'UCH2hqf2yelX3z4oq0IWp3Gg'},RPcwUunWqhs,La kuka esa se hace la independiente ahora alta ensobrada era,Ugwo96JI6xDyc7LlI_d4AaABAg,True,0,2024-10-11T04:18:45Z,2024-10-11T04:18:45Z
@antoniorodriguez9425,http://www.youtube.com/@antoniorodriguez9425,UCjtjcE517QtWGMRtxdlTY0g,{'value': 'UCjtjcE517QtWGMRtxdlTY0g'},RPcwUunWqhs,La CNN  es un fracaso en USA no tiene rating no es lo mismo de antes. MARIANO  ES CREIBLE CNN  OLVIDATE   O MAGINENSE QUE LONGOBARDI PERIODISTA  RECONOCIDO ARG  PREFIRIO REGRESAR A ARGENTINA A UNA RADIO AM  COMO RIVADAVIA que seguir trabajando en CNN que es socialista,UgwziumTm5OK_IszGm54AaABAg,True,0,2024-10-11T04:18:08Z,2024-10-11T04:22:14Z
@radiack123,http://www.youtube.com/@radiack123,UCZEsdq3RpAZ6Rb1441zz6xg,{'value': 'UCZEsdq3RpAZ6Rb1441zz6xg'},RPcwUunWqhs,esta periodista fue muy r√°pida para meter indirectas en contra del gobierno tira tantas que es casi imposible agarrarla en el momento,Ugz0msmLfxlMbVdyK1l4AaABAg,True,0,2024-10-11T04:17:01Z,2024-10-11T04:17:01Z
@LuisGomez-cu3xc,http://www.youtube.com/@LuisGomez-cu3xc,UC0aJd-2ivFi8kQl4Glu1ZCA,{'value': 'UC0aJd-2ivFi8kQl4Glu1ZCA'},RPcwUunWqhs,"Disc√∫lpame pero est√° chica es re objetiva, no creo que me puedas llamar anti milei",Ugxk3KcQb1T4sMYbTBh4AaABAg,True,0,2024-10-11T04:15:43Z,2024-10-11T04:15:43Z
@jemultiverse,http://www.youtube.com/@jemultiverse,UCmTHlRZ2CPVcGWdozeZA2Pw,{'value': 'UCmTHlRZ2CPVcGWdozeZA2Pw'},RPcwUunWqhs,La campa√±a de la venta de armas y √≥rganos en ML era violenta,UgybT1yR1fqWcLLzhpV4AaABAg,True,0,2024-10-11T04:15:19Z,2024-10-11T04:15:19Z
@jemultiverse,http://www.youtube.com/@jemultiverse,UCmTHlRZ2CPVcGWdozeZA2Pw,{'value': 'UCmTHlRZ2CPVcGWdozeZA2Pw'},RPcwUunWqhs,Muestran el ejemplo de 40 a√±os descerebrando gente ‚Ä¶ son monstruos ni animales podes decirles porque les faltas el respeto a pobre bichitos buenos,Ugwe4xohzqkgBZHtiUV4AaABAg,True,0,2024-10-11T04:14:09Z,2024-10-11T04:14:09Z
@tattoojulian,http://www.youtube.com/@tattoojulian,UCZ14_HaExplGpz6gIBoSSIw,{'value': 'UCZ14_HaExplGpz6gIBoSSIw'},RPcwUunWqhs,"Arranc√≥ bien y termin√≥ pareciendo que le estaba entrevistando la Mangel que mina m√°s insoportable loco y qu√© manera de no verla grande gordo por subirlo a tu canal, porque no aparezco m√°s por el suyo que siga kukeando, parece que le lleg√≥ el sobre del Kizzy",UgyNuBWQVTd-q7AaLKJ4AaABAg,True,0,2024-10-11T04:11:50Z,2024-10-11T04:11:50Z
@juanpablomura6759,http://www.youtube.com/@juanpablomura6759,UCyYMdF76TIZK1LiazgzMNHw,{'value': 'UCyYMdF76TIZK1LiazgzMNHw'},RPcwUunWqhs,Muy buena la entrevista. Te bancamos a full. Ahora: c√≥mo todos los periodistas ensobrados se quieren vestir de corderos.,UgwKEHTwcxhP_nmpFER4AaABAg,True,2,2024-10-11T04:10:54Z,2024-10-11T04:10:54Z
@juandanielmujtarianrodrigu4421,http://www.youtube.com/@juandanielmujtarianrodrigu4421,UCpLY4PjhFqnSozm5MTnJB3A,{'value': 'UCpLY4PjhFqnSozm5MTnJB3A'},RPcwUunWqhs,BASADO POINT,Ugyn3YR9qIpVVn3qu5F4AaABAg,True,0,2024-10-11T04:09:07Z,2024-10-11T04:09:07Z
@victor-r7w5j,http://www.youtube.com/@victor-r7w5j,UC72izcokRHlACUUoTe-JFyA,{'value': 'UC72izcokRHlACUUoTe-JFyA'},RPcwUunWqhs,"yo me informo por las redes, y en particular con MARIANO",UgzwAgiHQdHwbvfzGrl4AaABAg,True,2,2024-10-11T04:07:58Z,2024-10-11T04:07:58Z
@Gsa774,http://www.youtube.com/@Gsa774,UCvsxc_iZNQ3Db3OahkbZzGw,{'value': 'UCvsxc_iZNQ3Db3OahkbZzGw'},RPcwUunWqhs,40 a√±os y te sigo mi hijo de 19 tambi√©n!!,UgzxhGtE-B9ikW9IjaF4AaABAg,True,1,2024-10-11T04:07:47Z,2024-10-11T04:07:47Z
@pedrol.gonzalez6537,http://www.youtube.com/@pedrol.gonzalez6537,UCHkRb1eAwZaM4jVnZxPXcHw,{'value': 'UCHkRb1eAwZaM4jVnZxPXcHw'},RPcwUunWqhs,Gracias miren espa√±a en tve de lider mundial en todo.,UgwGAlOjTMlxtwoWlsB4AaABAg,True,1,2024-10-11T04:03:43Z,2024-10-11T04:03:43Z
@pablososa5612,http://www.youtube.com/@pablososa5612,UCXjfJktLxQamo6_3waBT54w,{'value': 'UCXjfJktLxQamo6_3waBT54w'},RPcwUunWqhs,A m√≠ tambi√©n me defraud√≥ el Baby,UgyUJoiF591sikBU_PB4AaABAg,True,0,2024-10-11T04:03:33Z,2024-10-11T04:03:33Z
@alejandracepeda8857,http://www.youtube.com/@alejandracepeda8857,UCZNIIq8X0JVAGKrryMIdB1A,{'value': 'UCZNIIq8X0JVAGKrryMIdB1A'},RPcwUunWqhs,QUIEN DICE QUE NO HAY VIOLENCIA Y NO HAY MUERTES ?? AVERIGUA MARIANOOOOOOOOO,UgyEoDaprBZoHuY-ccN4AaABAg,True,0,2024-10-11T04:01:21Z,2024-10-11T04:01:21Z
@relampago1000mw,http://www.youtube.com/@relampago1000mw,UC7OzEE5iUEDI0PSw1F4uyiQ,{'value': 'UC7OzEE5iUEDI0PSw1F4uyiQ'},RPcwUunWqhs,"Entiendan que las REDES NOS HICIERON a TODOS PERIODISTAS que INFORMAMOS LA VERDAD, en REDES LA MENTIRA se CAE en SEGUNDOS! o LO ENTIENDEN o se QUEDAN SIN TRABAJO x MENTIR! yo trabajando en el Hospital ITALIANO desmenti en REDES cuando TN decia QUE LA MITAD de los MEDICOS del ITALIANO estaban con CO VID 19 y que EL HOSPITAL ESTABA COLAPSADO! MENTIRAS que duraron segundos de los MASS MEDIA! el MIedo QUE TIENEN USTEDES &quot;PERIODISTAS&quot; de NOSOTROS INFORMANDO EN REDES es SIDERAL! SE LES ACABO EL REINADO y a los QUE EST√ÅN ARRIBA DE USTEDES ... TAMbIEN! VIVA LA LIBERTAD CARAJO!",Ugy1MUL9XUGYCcM6iZ14AaABAg,True,0,2024-10-11T04:00:12Z,2024-10-11T04:02:06Z
@pablosebastiancarrizocontr5938,http://www.youtube.com/@pablosebastiancarrizocontr5938,UCBm2do70HLw0pC4mPoNDPmQ,{'value': 'UCBm2do70HLw0pC4mPoNDPmQ'},RPcwUunWqhs,"¬°Qu√© loco! Se discute sobre la Violencia del Discurso del Presidente y sus supuestas repercusiones en sus seguidores, mientras los hijos de remil p.tas te hablan bonito y mandan a sus patovas a masacrar al que piensa distinto o al que quiere hacer una pregunta.",UgxxZKJhnKX1hd2LBI54AaABAg,True,0,2024-10-11T03:59:35Z,2024-10-11T03:59:35Z
@irmaferrazzi726,http://www.youtube.com/@irmaferrazzi726,UChjuywRK3wms9arelziM5pg,{'value': 'UChjuywRK3wms9arelziM5pg'},RPcwUunWqhs,‚ù§‚ù§‚ù§‚ù§‚ù§üéâ‚ù§‚ù§‚ù§‚ù§‚ù§,UgyPQBf-n04TCFPp37R4AaABAg,True,0,2024-10-11T03:58:18Z,2024-10-11T03:58:18Z
@wereqer,http://www.youtube.com/@wereqer,UCkgy1uFfGU4aeXdVsCbV-5A,{'value': 'UCkgy1uFfGU4aeXdVsCbV-5A'},RPcwUunWqhs,"porque todos los periodistas que supuestamente estan imersos en la actualidad, tratan a los periodistas libertarios como extraterrestres? el periodismo mainstream es la posverdadad.",UgzrdaO6Ti9nAySzbGd4AaABAg,True,0,2024-10-11T03:58:14Z,2024-10-11T03:58:14Z
@emmanuelcastello1522,http://www.youtube.com/@emmanuelcastello1522,UCgJ39SKgJAqcFVbiIBc9SAw,{'value': 'UCgJ39SKgJAqcFVbiIBc9SAw'},RPcwUunWqhs,Igual es piola la zurdita,Ugzp8Qdf527QaZM2a_N4AaABAg,True,0,2024-10-11T03:56:07Z,2024-10-11T03:56:07Z
@danielanabelquinonez,http://www.youtube.com/@danielanabelquinonez,UC9nv8oH4GD2X6SwMqF7og4Q,{'value': 'UC9nv8oH4GD2X6SwMqF7og4Q'},RPcwUunWqhs,gran periodista! exitos mariano ü§ó,Ugy_bCTmGe2KwWX7gbN4AaABAg,True,0,2024-10-11T03:55:15Z,2024-10-11T03:55:15Z
@CarlyLs,http://www.youtube.com/@CarlyLs,UCumik1viB5Jx_42Fe6KClcQ,{'value': 'UCumik1viB5Jx_42Fe6KClcQ'},RPcwUunWqhs,Porque le tenes que poner ese titulo a la nota??? Entiendo que estan teniendo una converzacion piola. Porque pones humillada? Malisimo!,UgyvYPGUgac4KzYuTqB4AaABAg,True,0,2024-10-11T03:53:44Z,2024-10-11T03:56:04Z
@valhala3593,http://www.youtube.com/@valhala3593,UCbEAQYMXytY1024bf1DoWww,{'value': 'UCbEAQYMXytY1024bf1DoWww'},RPcwUunWqhs,"Te dejo un LIKE , Mar√≠ano para bancarte, pero que mina aburrida .. la vieja zurd4 ...   Ning√∫n zurdo es rescatable ..",UgxGkvQ2TMAUX5YLyWV4AaABAg,True,0,2024-10-11T03:52:31Z,2024-10-11T03:52:31Z
@ELPERRO,http://www.youtube.com/@ELPERRO,UCmfYor8o27ZiYGPqpuClfpQ,{'value': 'UCmfYor8o27ZiYGPqpuClfpQ'},RPcwUunWqhs,"<b>Naaaaaa fue una buena charla, no era tan zurda al final jajaja... Nose si le cabia ese titulo del video</b>",UgzYttXFXvmwrZUPCal4AaABAg,True,1,2024-10-11T03:50:05Z,2024-10-11T03:50:05Z
@gimenabonilla3258,http://www.youtube.com/@gimenabonilla3258,UC0JKoOJl87zCMMRVlqsg9Ug,{'value': 'UC0JKoOJl87zCMMRVlqsg9Ug'},RPcwUunWqhs,Mar√≠a Julia es una genia,UgwpUND-aY_FmPKH3IR4AaABAg,True,0,2024-10-11T03:48:34Z,2024-10-11T03:48:34Z
@gimenabonilla3258,http://www.youtube.com/@gimenabonilla3258,UC0JKoOJl87zCMMRVlqsg9Ug,{'value': 'UC0JKoOJl87zCMMRVlqsg9Ug'},RPcwUunWqhs,üòÇüòÇüòÇel titulo,Ugyov7B7Wg8wmEWzN854AaABAg,True,0,2024-10-11T03:47:59Z,2024-10-11T03:47:59Z
@noodle9098,http://www.youtube.com/@noodle9098,UCbWcHNNXoxFG96_llem-r5A,{'value': 'UCbWcHNNXoxFG96_llem-r5A'},RPcwUunWqhs,me parece que el titulo es una exageraci√≥n<br>fue una entrevista bastante tranquila,UgzRb-0K86tqGJmWFNp4AaABAg,True,0,2024-10-11T03:47:07Z,2024-10-11T03:47:07Z
@manuelgelbart4303,http://www.youtube.com/@manuelgelbart4303,UCF6-0uI2CNPgW7u97EmuKEg,{'value': 'UCF6-0uI2CNPgW7u97EmuKEg'},RPcwUunWqhs,Todos los &quot;periodistos y periodistas&quot; que hablan en el rid√≠culo boludol y repetidol comunista- NO la vieron.,UgzRDuzxhe-OK0b0dm54AaABAg,True,2,2024-10-11T03:43:29Z,2024-10-11T03:43:29Z
@derquidaguer1187,http://www.youtube.com/@derquidaguer1187,UC1K1NMR1RZn2zm5ikUSMK2w,{'value': 'UC1K1NMR1RZn2zm5ikUSMK2w'},RPcwUunWqhs,MINUTO 52 HUBO MIRADAS DE SENSUALIDAD ENTRE MARIANO Y LA CHICA,UgyJtIzgEJ_ZBYbdqHx4AaABAg,True,1,2024-10-11T03:42:43Z,2024-10-11T03:42:43Z
@joseluistirao4721,http://www.youtube.com/@joseluistirao4721,UChn_9HEXgA6FhJ-cXMRDkSg,{'value': 'UChn_9HEXgA6FhJ-cXMRDkSg'},RPcwUunWqhs,No van a provocar??? Miren las barbaridades que dice FranFijap en su canal a los que √©l denomina zurdos.,Ugzl_oxE5NrG1RkXRwl4AaABAg,True,0,2024-10-11T03:42:09Z,2024-10-11T03:42:09Z
@lucianofernandez4256,http://www.youtube.com/@lucianofernandez4256,UCo8rR-iY51sRWfrKgB35RHQ,{'value': 'UCo8rR-iY51sRWfrKgB35RHQ'},RPcwUunWqhs,Que lindos ! Hermosa entrevista ! As√≠ se construye abrazos!!,Ugx64_CcvWT94hsfykZ4AaABAg,True,1,2024-10-11T03:42:05Z,2024-10-11T03:42:05Z
@Anonymous-Defense,http://www.youtube.com/@Anonymous-Defense,UC3-Fo5ePUIC0eOLiTNVceTg,{'value': 'UC3-Fo5ePUIC0eOLiTNVceTg'},RPcwUunWqhs,"Tenes todo nuestro apoyo a vos y al presidente Milei, no queremos m√°s corruptos ni violentos!",UgxikT4OaK4SNrnBdkh4AaABAg,True,2,2024-10-11T03:38:28Z,2024-10-11T03:38:28Z
@LaurieLdeG,http://www.youtube.com/@LaurieLdeG,UCKAnHE-Hmyfv4uiy08lKtAA,{'value': 'UCKAnHE-Hmyfv4uiy08lKtAA'},RPcwUunWqhs,"Mariano sos un gran PERIODISTA, adem√°s de humilde un tipazo! üëèüëèüëèüëèüëè",Ugzdk-QvyfLCY3NSSbh4AaABAg,True,1,2024-10-11T03:31:58Z,2024-10-11T03:31:58Z
@LauraGimena14441,http://www.youtube.com/@LauraGimena14441,UCbhVY19TDX-UBfcMhZ8WRxQ,{'value': 'UCbhVY19TDX-UBfcMhZ8WRxQ'},RPcwUunWqhs,"Felicitaciones para ambos j√≥venes destacados periodistas., Mar√≠a Julia (las damas primero),&amp; Mariano Perez., hermosa entrevista muy amena y conciliadora de di√°logo que tanto hace falta en esta sociedad Argentina, escuchar, compartir y perdonarnos., logrando esa Patria fortalecida que nos merecemos., paremos con agresiones , con la violencia que nada bueno trae.... El di√°ligo tranquilo y honesto demuestra inteligencia., siempre!!!! Gracias por decir verdades inc√≥modas pero que construyen veracidad cordial y respeto en las diferencias inabordables",Ugzkp7GkKylXyyPEmXh4AaABAg,True,5,2024-10-11T03:31:56Z,2024-10-11T03:35:42Z
@jap5521,http://www.youtube.com/@jap5521,UCo_fP4vJ4NnMtN5SalK5Ugg,{'value': 'UCo_fP4vJ4NnMtN5SalK5Ugg'},RPcwUunWqhs,"La calle est√° molesta, no,los que est√°n molestos son los contratista y par√°sitos, unos por qu√© se roban el dinero de la U y otros por par√°sitos. ¬øPorque no quieren que halla una auditor√≠a? Se les acab√≥ el vivir de los que laboran",UgxUJK5dUMKPcg0mVnt4AaABAg,True,0,2024-10-11T03:31:17Z,2024-10-11T03:31:17Z
@cristianblanco5733,http://www.youtube.com/@cristianblanco5733,UCWmuU_B13nd9pnhXv_xsvVg,{'value': 'UCWmuU_B13nd9pnhXv_xsvVg'},RPcwUunWqhs,Muy bien Mariano te felicito por tu trabajo üëèüëèüëè,UgxB-QLgNbErnLxH9od4AaABAg,True,1,2024-10-11T03:28:29Z,2024-10-11T03:28:29Z
@gerargento,http://www.youtube.com/@gerargento,UCGTYKjp5w6rEJsyAb7xyAMQ,{'value': 'UCGTYKjp5w6rEJsyAb7xyAMQ'},RPcwUunWqhs,"Marianito, no te olvides de ir a provocar a la proxima marcha üòâ",UgwxwB5aU5uESh7oIFl4AaABAg,True,0,2024-10-11T03:28:28Z,2024-10-11T03:28:28Z
@claudioance-xj4rc,http://www.youtube.com/@claudioance-xj4rc,UC1vNDQeIaZPOLcBkxmCrDSQ,{'value': 'UC1vNDQeIaZPOLcBkxmCrDSQ'},RPcwUunWqhs,Grande mariano. Igual la kuka no para de llorar,UgxfculZvt4ACOTkuYl4AaABAg,True,0,2024-10-11T03:25:19Z,2024-10-11T03:25:19Z
@marianoarmonica8189,http://www.youtube.com/@marianoarmonica8189,UCH_kbGsxnNf1UhZNDDEXdMQ,{'value': 'UCH_kbGsxnNf1UhZNDDEXdMQ'},RPcwUunWqhs,Sos crack Marian!!!,Ugz904sC33C1G8XL6cN4AaABAg,True,0,2024-10-11T03:24:04Z,2024-10-11T03:24:04Z
@sabinfigaro8272,http://www.youtube.com/@sabinfigaro8272,UCLlC_zOhumNFOW9HSjmdxoQ,{'value': 'UCLlC_zOhumNFOW9HSjmdxoQ'},RPcwUunWqhs,Yo cuando comence a verlo eramos solo 200 tipos mirando sus videos...,Ugyc7xiD_S0KeH2Wa054AaABAg,True,0,2024-10-11T03:21:41Z,2024-10-11T03:21:41Z
@luisbarraza1739,http://www.youtube.com/@luisbarraza1739,UCoje2QUjYqhiXH6Ot4hXraA,{'value': 'UCoje2QUjYqhiXH6Ot4hXraA'},RPcwUunWqhs,"Sal√≠ del lado oscuro, M Julia,  que  tu futuro no sea el de michelo. Ser√≠a muy triste para alguien de tu coeficiente intelectual",Ugz_mNVgKTnbM9bk2fl4AaABAg,True,0,2024-10-11T03:20:12Z,2024-10-11T03:20:12Z
@fabiolagareca4529,http://www.youtube.com/@fabiolagareca4529,UC7QTBqEj4dTrrEgNSFtHR6Q,{'value': 'UC7QTBqEj4dTrrEgNSFtHR6Q'},RPcwUunWqhs,"Si es as√≠, hay muchos periodistas vendidos. Lo vemos todo se√±ores periodistas.",UgwM_MTQQbdqCRjvuT14AaABAg,True,0,2024-10-11T03:18:33Z,2024-10-11T03:18:33Z
@silvestredelbosque,http://www.youtube.com/@silvestredelbosque,UCEBTdIeFZnWUZWIp4VV_loA,{'value': 'UCEBTdIeFZnWUZWIp4VV_loA'},RPcwUunWqhs,Jajajaj por qu√© ese t√≠tulo,UgwXVF5pknaGfVLX6NB4AaABAg,True,0,2024-10-11T03:18:33Z,2024-10-11T03:18:33Z
@TitoBenitez-n7o,http://www.youtube.com/@TitoBenitez-n7o,UCiYKzeXnLRqrvJR8omFa5vA,{'value': 'UCiYKzeXnLRqrvJR8omFa5vA'},RPcwUunWqhs,Me pudri√≥ est√° nefasta,UgyWtsJs1CvxGToBgtN4AaABAg,True,0,2024-10-11T03:18:08Z,2024-10-11T03:18:08Z
@TitoBenitez-n7o,http://www.youtube.com/@TitoBenitez-n7o,UCiYKzeXnLRqrvJR8omFa5vA,{'value': 'UCiYKzeXnLRqrvJR8omFa5vA'},RPcwUunWqhs,Tomatela no Miro esto chau,UgzKouhiURlyieB4LZB4AaABAg,True,0,2024-10-11T03:17:50Z,2024-10-11T03:17:50Z
@fabiolagareca4529,http://www.youtube.com/@fabiolagareca4529,UC7QTBqEj4dTrrEgNSFtHR6Q,{'value': 'UC7QTBqEj4dTrrEgNSFtHR6Q'},RPcwUunWqhs,Es un periodista conocido Mariano.,UgziwbAPCuX7lgraV3t4AaABAg,True,0,2024-10-11T03:16:15Z,2024-10-11T03:16:15Z
@TitoBenitez-n7o,http://www.youtube.com/@TitoBenitez-n7o,UCiYKzeXnLRqrvJR8omFa5vA,{'value': 'UCiYKzeXnLRqrvJR8omFa5vA'},RPcwUunWqhs,No esa es trucha,Ugw_CVrVoO-LaLjn0654AaABAg,True,0,2024-10-11T03:15:51Z,2024-10-11T03:15:51Z
@TitoBenitez-n7o,http://www.youtube.com/@TitoBenitez-n7o,UCiYKzeXnLRqrvJR8omFa5vA,{'value': 'UCiYKzeXnLRqrvJR8omFa5vA'},RPcwUunWqhs,Esa es nefasta siempre fue nefasta .trucha Abortera.,Ugy3H9ZcSMp6u6gtSv94AaABAg,True,0,2024-10-11T03:15:29Z,2024-10-11T03:15:29Z
@tubeyou2190,http://www.youtube.com/@tubeyou2190,UCvsVNl8hu4eL6phf0-EBiOw,{'value': 'UCvsVNl8hu4eL6phf0-EBiOw'},RPcwUunWqhs,G pointtt en su salsa,Ugy0S9IkSP6SVrggyXl4AaABAg,True,0,2024-10-11T03:14:43Z,2024-10-11T03:14:43Z
@laurav3207,http://www.youtube.com/@laurav3207,UC5Ex7TujRvOte15tECdg-Cg,{'value': 'UC5Ex7TujRvOte15tECdg-Cg'},RPcwUunWqhs,"Marian no me parece  ese t√≠tulo, es muy buena onda esa periodista y no la veo anti Milei.",Ugy9pyhYxAWBYbaIMLB4AaABAg,True,0,2024-10-11T03:14:37Z,2024-10-11T03:14:37Z
@lilianagiambastiani6561,http://www.youtube.com/@lilianagiambastiani6561,UCF76L0UwcCaAove-exLrGnw,{'value': 'UCF76L0UwcCaAove-exLrGnw'},RPcwUunWqhs,Porque pones esos t√≠tulos Mariano ? Fue una hermosa entrevista,Ugz392_WhmMq-ksHzUh4AaABAg,True,0,2024-10-11T03:08:52Z,2024-10-11T03:08:52Z
@OMARMENDEZ-g4d,http://www.youtube.com/@OMARMENDEZ-g4d,UCd1U8WltAK1DIiq1Nx8IuSQ,{'value': 'UCd1U8WltAK1DIiq1Nx8IuSQ'},RPcwUunWqhs,Bravo mariano eres un joven muy valiente te veo desde mexico desde que empezaste por qu√© sigo a milei desde sus inicios,UgxJaAovj5Z84ZttymZ4AaABAg,True,0,2024-10-11T03:08:36Z,2024-10-11T03:08:36Z
@ximenavazquezperkins69,http://www.youtube.com/@ximenavazquezperkins69,UCiUgvSyfx1GRhDjBfHPkQ4A,{'value': 'UCiUgvSyfx1GRhDjBfHPkQ4A'},RPcwUunWqhs,Es as√≠ Mariano!! Te sigo desde 2021 y tengo 57 a√±os. Igual que a Fran Fijap y los adoro.,UgwoqKqAtULIscv1bAh4AaABAg,True,0,2024-10-11T03:08:32Z,2024-10-11T03:08:32Z
@yngecchi,http://www.youtube.com/@yngecchi,UC67SI9z05f1VzmoMYHHnNsg,{'value': 'UC67SI9z05f1VzmoMYHHnNsg'},RPcwUunWqhs,"<a href=""https://www.youtube.com/watch?v=RPcwUunWqhs&amp;t=3280"">54:40</a> los √∫nicos excesos de marianito son los gatos de la SIDE. Grande CATPOINT.",UgxDjUA3_Em-Sph0fWB4AaABAg,True,0,2024-10-11T03:08:09Z,2024-10-11T03:08:09Z
@susupe1000,http://www.youtube.com/@susupe1000,UC-nHxCS4tMUmNbl3NoSsq8A,{'value': 'UC-nHxCS4tMUmNbl3NoSsq8A'},RPcwUunWqhs,"Che, mar√≠a julia no mereceese t√≠tulo",Ugyv5QwOg1EZIc-Wa4R4AaABAg,True,0,2024-10-11T03:05:58Z,2024-10-11T03:05:58Z
@hectorhoraciocuenca394,http://www.youtube.com/@hectorhoraciocuenca394,UC0dYtisK_vgJ1ABwjLGhRzQ,{'value': 'UC0dYtisK_vgJ1ABwjLGhRzQ'},RPcwUunWqhs,"No es que la calle est√° violenta, lo que pasa es que $alieron a las calle$ los violento$ militante$ re$i$ente$ con aguante en su rol de &quot;Mercenario$ al Mejor Po$tor&quot;!!",UgzwmzuEjmNcoK2want4AaABAg,True,0,2024-10-11T03:05:38Z,2024-10-11T03:05:38Z
@nunilu,http://www.youtube.com/@nunilu,UCqJYxybbRBsdHYKmK_6sSAQ,{'value': 'UCqJYxybbRBsdHYKmK_6sSAQ'},RPcwUunWqhs,‚ù§ educando al periodismo que no te quer√≠an llamar as√≠,Ugwc7xyI7XJtJJEPmBN4AaABAg,True,14,2024-10-11T03:04:05Z,2024-10-11T03:04:05Z
@edub1961,http://www.youtube.com/@edub1961,UCW2mgf4XJx3-7R45J8k7eMQ,{'value': 'UCW2mgf4XJx3-7R45J8k7eMQ'},RPcwUunWqhs,"Olivan, venias bien , con el tema feminismo y techo de cristal, lo arruinaste",UgzYGx5jSEEsE8Nm0Np4AaABAg,True,0,2024-10-11T03:03:22Z,2024-10-11T03:03:22Z
@diegovaughan2503,http://www.youtube.com/@diegovaughan2503,UC_8vHv0naqX3V_Gto_FWwog,{'value': 'UC_8vHv0naqX3V_Gto_FWwog'},RPcwUunWqhs,Como safaste vos... por ahora üòÇ,Ugwn6BJhSjMVplR8gr94AaABAg,True,0,2024-10-11T03:03:03Z,2024-10-11T03:03:03Z
@Cristina-ex3fl,http://www.youtube.com/@Cristina-ex3fl,UCZvar1ZT5iS4OdOpRfwz8eQ,{'value': 'UCZvar1ZT5iS4OdOpRfwz8eQ'},RPcwUunWqhs,Hola coraz√≥n! Estoy muy triste lo que pasa üò¢realmente veo los videos de Fran y me hace mal de la manera que lo golpearon.  Te pido por favor que  si salis hacer notas llevate guarda espaldas por favor.  Estos zurdos inmundos son capases de matar. La verdad ya esto no da m√°s. <br>Que bullrich se ponga la 10 y no los largue m√°s a esos matones inmundos! Dios te bendiga y proteja siempre üôè üôå üíï,UgwrHrgwcwR3RrllZvN4AaABAg,True,0,2024-10-11T03:03:01Z,2024-10-11T03:03:01Z
@IrmaBolla,http://www.youtube.com/@IrmaBolla,UCQLP83xaO5h1thREPQcM1ng,{'value': 'UCQLP83xaO5h1thREPQcM1ng'},RPcwUunWqhs,Jajaja qu√© salame que sos!!,Ugxbd52dDWW1jgzFpVV4AaABAg,True,0,2024-10-11T03:01:42Z,2024-10-11T03:01:42Z
@martinalonso7067,http://www.youtube.com/@martinalonso7067,UCkn2bkJrf_rTC3PDdo8tBEw,{'value': 'UCkn2bkJrf_rTC3PDdo8tBEw'},RPcwUunWqhs,Gran periodista Mar√≠a Julia buena entrevista,Ugz2-FRMt3T2RKbcVTR4AaABAg,True,8,2024-10-11T02:57:29Z,2024-10-11T02:57:29Z
@felipegugli9710,http://www.youtube.com/@felipegugli9710,UCkmYi32o34SZJNfMVZqRkYw,{'value': 'UCkmYi32o34SZJNfMVZqRkYw'},RPcwUunWqhs,"Que tranquilidad saber que hay enroque para presidente, grande Mariano",UgwcUknasTIBcJypMM94AaABAg,True,2,2024-10-11T02:57:23Z,2024-10-11T02:57:23Z
@tomaslatino6865,http://www.youtube.com/@tomaslatino6865,UClJs0dr1P6tVwBUWTSeS0hw,{'value': 'UClJs0dr1P6tVwBUWTSeS0hw'},RPcwUunWqhs,Esta zurdita desapareci√≥ de la tele mucho tiempo. Reaparece de golpe y arma una radio y canal que no salen dos mangos.,UgxVGhaPSSwRuIIupKd4AaABAg,True,0,2024-10-11T02:57:18Z,2024-10-11T02:57:18Z
@cintiagodoy7003,http://www.youtube.com/@cintiagodoy7003,UCZ-onvK3H-HLcWztMgmx4wg,{'value': 'UCZ-onvK3H-HLcWztMgmx4wg'},RPcwUunWqhs,GRANDE MARIANO P√âREZ üëè  VIVA LA LIBERTAD CARAJO üá¶üá∑ üëè ü¶Å,UgxrMfD8hCbCwKN3tAF4AaABAg,True,0,2024-10-11T02:53:43Z,2024-10-11T02:53:43Z
@anitasseo,http://www.youtube.com/@anitasseo,UCKAvC9Rb5bTbLnrVfZCHshQ,{'value': 'UCKAvC9Rb5bTbLnrVfZCHshQ'},RPcwUunWqhs,Que viva Necochea,UgznKkCp2gb9B9Ot_WZ4AaABAg,True,0,2024-10-11T02:52:07Z,2024-10-11T02:52:07Z
@MiguelRodriguez_DEL_PERU,http://www.youtube.com/@MiguelRodriguez_DEL_PERU,UCROFpWpU5-UNhei3Z9vb_ZQ,{'value': 'UCROFpWpU5-UNhei3Z9vb_ZQ'},RPcwUunWqhs,"Eso de van a provocar es como decir se puso la minifalda y fue a provocar que la violen.  No pues, nadie va a provocar, te lo bancas tranqui, los malandros, son malandros.",UgxTVMSvO1vuKU70M2h4AaABAg,True,0,2024-10-11T02:51:30Z,2024-10-11T02:51:30Z
@PEDROMIGUELMamaniAlvarez,http://www.youtube.com/@PEDROMIGUELMamaniAlvarez,UCJxZY7wkptiSfEe6lLb3JCA,{'value': 'UCJxZY7wkptiSfEe6lLb3JCA'},RPcwUunWqhs,"LAVANDO la cara a un LIBERTARADO.....Son enfermos, eso es lo que son.",UgxSx0IR7kXO2ffZbHV4AaABAg,True,0,2024-10-11T02:49:05Z,2024-10-11T02:49:05Z
@musha660,http://www.youtube.com/@musha660,UC9F89Bi8t7jfn-cF2DbOgvw,{'value': 'UC9F89Bi8t7jfn-cF2DbOgvw'},RPcwUunWqhs,el arquero de un metro setenta juajaja ni idea el copion de todo lo que le gusta y se lo atribuye jajaja dejemonos de joder un poquito nada mas que un poquito que pasen estos 4 a√±os y se vaya a israel si es que todavia existe,Ugxdr353xt9biuGZY5Z4AaABAg,True,0,2024-10-11T02:48:28Z,2024-10-11T02:48:28Z
@ivannamohr8568,http://www.youtube.com/@ivannamohr8568,UCiCY1noEMhNyqCedIhKQyHA,{'value': 'UCiCY1noEMhNyqCedIhKQyHA'},RPcwUunWqhs,¬øD√≥nde se gradu√≥ Mariano? porque no lo puedo encontrar en el sitio de graduados universitarios.,UgzcH93_1WMoBMcG7J14AaABAg,True,1,2024-10-11T02:48:03Z,2024-10-11T02:48:03Z
@matildegagliolo6444,http://www.youtube.com/@matildegagliolo6444,UCTo4FEz-WlHRL2t9VB4WgeA,{'value': 'UCTo4FEz-WlHRL2t9VB4WgeA'},RPcwUunWqhs,"La respuesta es NO, los Libertarios NO somos violentos. En Parque Lezama hab√≠an noteros de otras fuerzas pol√≠ticas, y no les hicieron nada, estuve en un evento el s√°bado pasado, ‚ÄúLa Derecha Fest‚Äù, tambi√©n hab√≠a periodistas o noteros, de otros colores pol√≠ticos, y ninguno fue atacado o perseguido por libertarios. En ninguno de los eventos. Significa que los violentos son los zurdos. Deber√≠an ir presos!fue un claro intento de ho mici dio, grabado x la TV y por much√≠simas personas",UgwSW1AD0sJUe5vxKIV4AaABAg,True,1,2024-10-11T02:47:01Z,2024-10-11T02:47:01Z
@lassiewithfever,http://www.youtube.com/@lassiewithfever,UCdTcAvn5jaPTZzz4g1vTPNQ,{'value': 'UCdTcAvn5jaPTZzz4g1vTPNQ'},RPcwUunWqhs,Y la verdad os har√© libres‚Ä¶Dios te Bendiga Mariano üá¶üá∑üá¶üá∑,UgxeBkFVT5dViFoPD7R4AaABAg,True,0,2024-10-11T02:46:12Z,2024-10-11T02:46:12Z
@victorpaco6778,http://www.youtube.com/@victorpaco6778,UCgWewE-8mwO72ocssqHmrww,{'value': 'UCgWewE-8mwO72ocssqHmrww'},RPcwUunWqhs,Kukas,Ugx6uda5RNURgsngiYt4AaABAg,True,0,2024-10-11T02:45:10Z,2024-10-11T02:45:10Z
@ignacioLPR,http://www.youtube.com/@ignacioLPR,UCoENRvvrvKBNUeg3wtwH-FA,{'value': 'UCoENRvvrvKBNUeg3wtwH-FA'},RPcwUunWqhs,Muy bien Marian con la diferencia entre insulto y amenaza.,UgwCer7OBw9JbD6cSER4AaABAg,True,2,2024-10-11T02:40:46Z,2024-10-11T02:40:46Z
@bernardocarlosblanco,http://www.youtube.com/@bernardocarlosblanco,UCaehGo5aYacqdNMimz8MqhA,{'value': 'UCaehGo5aYacqdNMimz8MqhA'},RPcwUunWqhs,"Mar√≠a Julia Olivan se queja diciendo que el machismo es la causa de que no haya periodistas mujeres conduciendo en La Naci√≥n +.<br><br>Mariano le contest√≥ con l√≥gica,  no hay mujeres conduciendo porque son INSOPORTABLES, aunque lo dijo elegantemente,  el MERCADO NO LAS ACEPTA.<br><br>En realidad Olivan habl√≥ del Prime time y de los conductores con patrocinantes privados,  porque en La Naci√≥n + est√°n las insufribles Mar√≠a Laura Santillan y Laura Di Marco, tambi√©n  las no menos insufribles pero bellas, √∫nico motivo por el que las contratan,  Marina Calabro y Debora Plager,  etc conduciendo programas. <br><br>Yo seguro soy machista y sufro cuando las periodistas empiezan a hablar de manera hist√©rica, parece que est√°n desesperadas para meter todo en ese preciso instante, pero por lo visto las mujeres,  que son m√°s que los hombres, piensan igual porque tampoco las soportan. <br><br>Justamente recuerdo a Olivan en el programa de Majul quej√°ndose por tener POCO TIEMPO y acaparando la pantalla en cuanto ten√≠a la ocasi√≥n,  adem√°s de tirar mala onda de manera muy evidente. <br><br>Por √∫ltimo,  Viviana Canosa ten√≠a el programa m√°s visto de La Naci√≥n +, ten√≠a sponsors, es bella, inteligente y de derecha,  que hizo,  SE HUNDI√ì SOLA OPERANDO CONTRA MILEI.",Ugy2UE_flstSbTXsPI54AaABAg,True,2,2024-10-11T02:37:48Z,2024-10-11T02:38:32Z
@cristinagrosso3528,http://www.youtube.com/@cristinagrosso3528,UC5ScgK7jIOsV7kldpa-zL2A,{'value': 'UC5ScgK7jIOsV7kldpa-zL2A'},RPcwUunWqhs,"Esta periodista no sabe que la CNN es dem√≥crata, que apoya a K.Harris ??qu√© raro ,no ???....Los periodistas no solo ayudaban a encerrarnos sino que como ellos eran &quot; esenciales &quot;y el resto de la poblaci√≥n fu√©ramos mierda,  no se daban cuenta el mal que era estar encerrado porque iban a sus canales a trabajar y de ah√≠ criticaban a quienes quer√≠an terminar con la cuarentena llam√°ndolos &quot; asesinos &quot; , no hay que olvidar igual que el Baby que prefer√≠a votar a Massa sabiendo la mierda que era y no a Milei porque √©l era amigo de Alberto, Larreta y Massa...De ahi la gente empez√≥ a putearlos .",UgzAqqFuXEUnrsXuESB4AaABAg,True,0,2024-10-11T02:37:06Z,2024-10-11T03:36:02Z
@horacioomarsebastiao6876,http://www.youtube.com/@horacioomarsebastiao6876,UC152qa2pL6J31LqddZOjjyw,{'value': 'UC152qa2pL6J31LqddZOjjyw'},RPcwUunWqhs,Este muchacho es muy buen periodista ‚ù§‚ù§‚ù§‚ù§,Ugygc3mZ0ogDaAbPw2Z4AaABAg,True,0,2024-10-11T02:37:03Z,2024-10-11T02:37:03Z
@Chapita7,http://www.youtube.com/@Chapita7,UC6BXb-D70VGc1_zbHquDpvg,{'value': 'UC6BXb-D70VGc1_zbHquDpvg'},RPcwUunWqhs,Asi que lanata y Longobardi NO SON PERIODISTAS??? MIRA VOS,UgwtQO9dISMtltTPYU14AaABAg,True,0,2024-10-11T02:34:30Z,2024-10-11T02:34:30Z
@mariovillacis436,http://www.youtube.com/@mariovillacis436,UCcCzOor0eO_sjmD7f-W1sdA,{'value': 'UCcCzOor0eO_sjmD7f-W1sdA'},RPcwUunWqhs,Es lo menos que se merecen putearlos,Ugzcp31dh1WA7ONntAF4AaABAg,True,0,2024-10-11T02:31:54Z,2024-10-11T02:31:54Z
@tingasasigalli3153,http://www.youtube.com/@tingasasigalli3153,UCpi0WhjgQ_LjmLDz6HU-aLw,{'value': 'UCpi0WhjgQ_LjmLDz6HU-aLw'},RPcwUunWqhs,queda claro que ciertos periodistas tienen UNA COLA DE PAJA FENOMENAL y les revienta que la mentira se les resfriega en la cara a los 2 segundos . estan periditos en su ego . jaaa me encanta,UgxvoeULzahIfJtI2gB4AaABAg,True,0,2024-10-11T02:30:59Z,2024-10-11T02:30:59Z
@gonzalolozano1198,http://www.youtube.com/@gonzalolozano1198,UCBeWjLpDh_eU1nP0IFmAPbw,{'value': 'UCBeWjLpDh_eU1nP0IFmAPbw'},RPcwUunWqhs,"Mariano, brother. No todo periodista es antimilei y feminista. Bajale un poco al lenguaje, brother.",UgyRPuGbK_gcBh1vEFx4AaABAg,True,0,2024-10-11T02:30:33Z,2024-10-11T02:30:33Z
@TheCatta1,http://www.youtube.com/@TheCatta1,UCmHaVbVESWo_rz1Zm_UZqrw,{'value': 'UCmHaVbVESWo_rz1Zm_UZqrw'},RPcwUunWqhs,"Yo lo banco a Milei 100%, lo vot√© u lo volver√≠a hacer. pero a este chico lo siega el fanatismo. Le cuesta mucho criticar a Milei.",UgxnFNb8Fk9W_fvCFGp4AaABAg,True,0,2024-10-11T02:29:34Z,2024-10-11T02:29:34Z
@caminanubemusiclist2326,http://www.youtube.com/@caminanubemusiclist2326,UCgBwbtI3Cgrk5a1d9MFtFAg,{'value': 'UCgBwbtI3Cgrk5a1d9MFtFAg'},RPcwUunWqhs,"no se porque siempre tienen que poner humillada como si eso fuese algo bueno, ademas de que no fue asi, yo vi a esta entrevistadora muchas veces y no me parece anti milei",UgzKD4JeBuMQMy6LBU54AaABAg,True,0,2024-10-11T02:28:41Z,2024-10-11T02:28:41Z
@krauzer79,http://www.youtube.com/@krauzer79,UCjR3ym9HHNno7EYnHXsEEBw,{'value': 'UCjR3ym9HHNno7EYnHXsEEBw'},RPcwUunWqhs,Virgo point,Ugwk_CwHHSg15ZTzLzt4AaABAg,True,0,2024-10-11T02:27:51Z,2024-10-11T02:27:51Z
@rauloillataguerre8733,http://www.youtube.com/@rauloillataguerre8733,UC_T3AtLQZpdhncK-mO8MfhQ,{'value': 'UC_T3AtLQZpdhncK-mO8MfhQ'},RPcwUunWqhs,Desde AUSTRALIA te felicitamos MARIANO sos un Grande tambien Felicitaci√≥n a FRANK,Ugz3hacWEd_-bFA4V0V4AaABAg,True,23,2024-10-11T02:27:20Z,2024-10-11T02:27:20Z
@julianrisiglione1658,http://www.youtube.com/@julianrisiglione1658,UC5dXn4KHad6u8M5Av4TZMXw,{'value': 'UC5dXn4KHad6u8M5Av4TZMXw'},RPcwUunWqhs,xD por qu√© titulas esto xD qu√© es todo eso sobre esta periodista? encima que es re buena onda y respetuosa xDDD,UgxynUVQheByLF0D-gR4AaABAg,True,0,2024-10-11T02:24:41Z,2024-10-11T02:24:41Z
@JuanAranda-s1u,http://www.youtube.com/@JuanAranda-s1u,UCiDEJOoeqo9_nSmry8j2ddg,{'value': 'UCiDEJOoeqo9_nSmry8j2ddg'},RPcwUunWqhs,"vamos Mariano,me gusta como respetas a los otros,y te haces respetar,te felicito",UgzJNiF2q_g9n1ZUY_54AaABAg,True,49,2024-10-11T02:22:34Z,2024-10-11T02:22:34Z
@laglorietadegloria-dz4gv,http://www.youtube.com/@laglorietadegloria-dz4gv,UCcvrzqesLrvH1F6di4eo5FA,{'value': 'UCcvrzqesLrvH1F6di4eo5FA'},RPcwUunWqhs,"Felicitaciones Mariano por tu crecimiento profesional !!!<br>Bravoooo!!!<br>Igual, no te expongas al cohete con los orcos.<br>VLLC !!<br>üá¶üá∑ü¶Åü¶Åüá¶üá∑",UgxNkFsUtU3gWLo4rfR4AaABAg,True,3,2024-10-11T02:22:34Z,2024-10-11T02:22:34Z
@AreozAriazS,http://www.youtube.com/@AreozAriazS,UCJ5MGkjNYf0kDN32S7sP3cg,{'value': 'UCJ5MGkjNYf0kDN32S7sP3cg'},RPcwUunWqhs,EL PERIODISMO es un oficio ..los m√°s grandes periodistas....no estudiaron periodismo...,UgxG-eyglVcY6AKsSGR4AaABAg,True,1,2024-10-11T02:22:24Z,2024-10-11T02:22:24Z
@alejandrapili1403,http://www.youtube.com/@alejandrapili1403,UCgHXXU7dyNy3_4klsluubyw,{'value': 'UCgHXXU7dyNy3_4klsluubyw'},RPcwUunWqhs,"Excelente, Mariano, j√≥venes inteligentes, con principios, con argumentos. Felicitaciones.",UgykGx6iQnFicxen1Hl4AaABAg,True,0,2024-10-11T02:21:27Z,2024-10-11T02:21:27Z
@jorgegyoker2117,http://www.youtube.com/@jorgegyoker2117,UCELCI0rW5DxTTp0-KVrEsTA,{'value': 'UCELCI0rW5DxTTp0-KVrEsTA'},RPcwUunWqhs,"Yo te veo porque sos hermoso, si yo era Pagano te hac√≠a el Hakwtuah",Ugz37bnQlhn30br9keZ4AaABAg,True,0,2024-10-11T02:20:59Z,2024-10-11T02:20:59Z
@diegobozzuto,http://www.youtube.com/@diegobozzuto,UCtpTZO2M5zTaxEsPpqiB91Q,{'value': 'UCtpTZO2M5zTaxEsPpqiB91Q'},RPcwUunWqhs,"LOS PERIODISTAS BUSCAN LA VERDAD DESDE LA DUDA, DESDE NO CREER, VOS HACES PROPAGANDA.",Ugxd7iQHE5MabjINKxp4AaABAg,True,1,2024-10-11T02:20:01Z,2024-10-11T02:20:01Z
@noeliajaime7656,http://www.youtube.com/@noeliajaime7656,UCj6AgXh5cgSyVaChiXPZh7g,{'value': 'UCj6AgXh5cgSyVaChiXPZh7g'},RPcwUunWqhs,Mo sabia que eta anti Milei!!! Que cagada! Pense que era inteligente.,Ugwmtwuha3FfxplPDYB4AaABAg,True,0,2024-10-11T02:19:27Z,2024-10-11T02:19:27Z
@tonytoxiko,http://www.youtube.com/@tonytoxiko,UCuflVlczaAIyFbs74gJbusQ,{'value': 'UCuflVlczaAIyFbs74gJbusQ'},RPcwUunWqhs,LA MINIATURA XD,UgxFoK1LZglAf0nY4T94AaABAg,True,0,2024-10-11T02:19:10Z,2024-10-11T02:19:10Z
@pablachaparro7128,http://www.youtube.com/@pablachaparro7128,UCDp3Pb8_mQ-hadKTs3G676Q,{'value': 'UCDp3Pb8_mQ-hadKTs3G676Q'},RPcwUunWqhs,Que orgullo me da verte tan profesional  Mariano. Gracias por tu gran labor. Bendiciones ‚ù§,Ugz9MhrPZKnHRLQSK-14AaABAg,True,41,2024-10-11T02:18:45Z,2024-10-11T02:18:45Z
@EleDR251,http://www.youtube.com/@EleDR251,UCEAdxXF0bRJEQ3xYtq73osQ,{'value': 'UCEAdxXF0bRJEQ3xYtq73osQ'},RPcwUunWqhs,Dibujar las l√°grimas con paint en las miniaturas es un cl√°sico jajajajajajaja,Ugzom4qb_jI9ZpK87S14AaABAg,True,1,2024-10-11T02:18:02Z,2024-10-11T02:18:02Z
@maxmereles,http://www.youtube.com/@maxmereles,UCf7YrIaBAg8tC6MAZZpXU2g,{'value': 'UCf7YrIaBAg8tC6MAZZpXU2g'},RPcwUunWqhs,"No me gusta un poco los titulos que pones Mariano. Maria Julia, es una gran periodista y muy respetuosa. Ahi no te banco tanto amigo",UgyV1KlWOMxE_ps7vL14AaABAg,True,1,2024-10-11T02:17:58Z,2024-10-11T02:17:58Z
@PadreNuestro-ec5zp,http://www.youtube.com/@PadreNuestro-ec5zp,UCITlG82dQB6MnumCVivMFow,{'value': 'UCITlG82dQB6MnumCVivMFow'},RPcwUunWqhs,"la calle no esta molesta son zurdos est√°n locos al igual que los k , peronchos  y camporistas",UgzmxdvHvDyqE7tJIPl4AaABAg,True,1,2024-10-11T02:17:41Z,2024-10-11T02:17:41Z
@MartaAraujo-n5s,http://www.youtube.com/@MartaAraujo-n5s,UCXuTpF7fGYK6exPaRx1j22A,{'value': 'UCXuTpF7fGYK6exPaRx1j22A'},RPcwUunWqhs,"ES QUE LOS VIOLENTOS SON LOS KUKAS ZURDOS , ELLOS SIEMPRE MIENTEN Y DAN VUELTA LAS COSAS..A SU FAVOR.",Ugzii15F1bKqVkA1dNN4AaABAg,True,1,2024-10-11T02:16:02Z,2024-10-11T02:16:02Z
@luisgermanicosalazarhiller6930,http://www.youtube.com/@luisgermanicosalazarhiller6930,UCUDYltuqDgar4rav7Daeaxw,{'value': 'UCUDYltuqDgar4rav7Daeaxw'},RPcwUunWqhs,"Por eso te pegan mariano P√©rez &quot;break point&quot;, acu√©rdate que milei no va a durar mucho tiempo en el poder, entonces te quiero ver cuando est√©s en la vereda de enfrente y tengas que dar la cara al pueblo argentino",UgyPt2vzTmy9QclP8nh4AaABAg,True,1,2024-10-11T02:15:56Z,2024-10-11T02:37:23Z
@shonweizurdo4537,http://www.youtube.com/@shonweizurdo4537,UCqtZ_0qy5CUWuhwbuTqF3WA,{'value': 'UCqtZ_0qy5CUWuhwbuTqF3WA'},RPcwUunWqhs,no digan cienen  digan  C N N por favor,UgwMJOj735P4FxI_iDZ4AaABAg,True,0,2024-10-11T02:15:03Z,2024-10-11T02:15:03Z
@bernardocarlosblanco,http://www.youtube.com/@bernardocarlosblanco,UCaehGo5aYacqdNMimz8MqhA,{'value': 'UCaehGo5aYacqdNMimz8MqhA'},RPcwUunWqhs,"Mar√≠a Julia Olivan es evidentemente una zurda, aunque hoy est√° un poco moderada. <br><br>Empez√≥ a ser conocida con Lanata, en la √©poca m√°s progre de Lanata, despu√©s fue conductora de 6,7,8 , m√°s zurda imposible, pero es verdad que luego la rajaron y termin√≥ siendo &quot;independiente&quot;.",Ugx3vFhagDMmy6aQbkZ4AaABAg,True,0,2024-10-11T02:14:52Z,2024-10-11T02:14:52Z
@CASTIEL-C45,http://www.youtube.com/@CASTIEL-C45,UCzcW5zZoyuz-tbz5GStcXUA,{'value': 'UCzcW5zZoyuz-tbz5GStcXUA'},RPcwUunWqhs,bro si necesitas t√©cnico inform√°tico conta con migo.,Ugw7FC4QhoFG04aNR4Z4AaABAg,True,0,2024-10-11T02:14:43Z,2024-10-11T02:14:43Z
@fabriramirez3754,http://www.youtube.com/@fabriramirez3754,UCvObG33horc8sv_k77eF0wQ,{'value': 'UCvObG33horc8sv_k77eF0wQ'},RPcwUunWqhs,Aguante el movimiento marianista.jeje,UgwQDgedlAZ0YOkpFW14AaABAg,True,0,2024-10-11T02:14:37Z,2024-10-11T02:14:37Z
@cristianc5298,http://www.youtube.com/@cristianc5298,UCikarYgN22zaf-9VRbipxbg,{'value': 'UCikarYgN22zaf-9VRbipxbg'},RPcwUunWqhs,muy racional la periodista,UgxRYgo0gxzwV_2VHo14AaABAg,True,0,2024-10-11T02:14:33Z,2024-10-11T02:14:33Z
@gabitzzo,http://www.youtube.com/@gabitzzo,UCFCXGdrA8nUDmYzkr6_fcWQ,{'value': 'UCFCXGdrA8nUDmYzkr6_fcWQ'},RPcwUunWqhs,"Sos una m√°quina, elocuente dir√≠a, ten√©s un juego incre√≠ble. Segu√≠ as√≠ maestro",Ugxu7VcWwIKaO26eYip4AaABAg,True,1,2024-10-11T02:14:11Z,2024-10-11T02:14:11Z
@lerder,http://www.youtube.com/@lerder,UCnBY2I4-9EzS9SrfUsgkZfA,{'value': 'UCnBY2I4-9EzS9SrfUsgkZfA'},RPcwUunWqhs,Uruguay,UgwyepoiCMOVK4uxM2t4AaABAg,True,0,2024-10-11T02:14:00Z,2024-10-11T02:14:00Z
@carlric,http://www.youtube.com/@carlric,UCHvlTN6FMZbOIQ7bUmLr8vA,{'value': 'UCHvlTN6FMZbOIQ7bUmLr8vA'},RPcwUunWqhs,La persona que mas gano plata en la TV fue Susana Gimenez...y la ultima que me fije era mujer..... solo comparan las cosas que les conviene.... Kristina es la presidente que mas gana y mas rica del planeta... etc...,UgxdTd_f02DBStEYSNd4AaABAg,True,13,2024-10-11T02:13:40Z,2024-10-11T02:13:40Z
@cristianc5298,http://www.youtube.com/@cristianc5298,UCikarYgN22zaf-9VRbipxbg,{'value': 'UCikarYgN22zaf-9VRbipxbg'},RPcwUunWqhs,Una nueva futur conversa,UgzPYd4jhtt891LIMbd4AaABAg,True,0,2024-10-11T02:13:35Z,2024-10-11T02:13:35Z
@electronicamartin6302,http://www.youtube.com/@electronicamartin6302,UCmEyM9h1mqwzUEaNy7HmIQQ,{'value': 'UCmEyM9h1mqwzUEaNy7HmIQQ'},RPcwUunWqhs,"Julia me gusta mucho, es una mujer perfecta de rostro, pero no sabe un carajete de politica, jajajaj, aguante Mariano, , sos mi idolo junto a Milei ,  aguante la libertad carajo",UgwnuJ10NBSbJ1_OdGp4AaABAg,True,0,2024-10-11T02:11:15Z,2024-10-11T02:11:15Z
@oscarschiavone7243,http://www.youtube.com/@oscarschiavone7243,UC4uDa_zQKQgGLdLyc2FJRVA,{'value': 'UC4uDa_zQKQgGLdLyc2FJRVA'},RPcwUunWqhs,"Es muy buen periodista, tienen que haber m√°s periodista como el genio.",Ugw200tjo3M0O5Ue8xZ4AaABAg,True,5,2024-10-11T02:10:57Z,2024-10-11T02:10:57Z
@thegastongon,http://www.youtube.com/@thegastongon,UCG9o6Fy5TRTmZ8thaia29AQ,{'value': 'UCG9o6Fy5TRTmZ8thaia29AQ'},RPcwUunWqhs,A Baby Etchecopar se la pu$ieron en la me$a..... y Viviana Canosa ... que garch√≥ con el gusano Alverso...que cosa tan bizarra por favor!,UgwR_LbObuPHqgjNEW94AaABAg,True,0,2024-10-11T02:09:17Z,2024-10-11T02:09:17Z
@22Tabano,http://www.youtube.com/@22Tabano,UCo4tzVlPJW0FHQ4MtAa03-g,{'value': 'UCo4tzVlPJW0FHQ4MtAa03-g'},RPcwUunWqhs,"Te invitaron, te trataron muy bien y mira el titulo que pones? sos un forro, sorete... te bancaba hasta hoy.",Ugw4E9sXxx9iK1-g8hx4AaABAg,True,0,2024-10-11T02:08:41Z,2024-10-11T02:08:41Z
@lilianazamorano8360,http://www.youtube.com/@lilianazamorano8360,UCaC3S1wrJ_YroWZ-w6hLYsQ,{'value': 'UCaC3S1wrJ_YroWZ-w6hLYsQ'},RPcwUunWqhs,C√≥mo creciste marianito te felicito.,UgzXKtA24qef8Yp-IrB4AaABAg,True,0,2024-10-11T02:08:36Z,2024-10-11T02:08:36Z
@ferchu23100,http://www.youtube.com/@ferchu23100,UCPwaXd1-myQ0GjH-Rhv-cIg,{'value': 'UCPwaXd1-myQ0GjH-Rhv-cIg'},RPcwUunWqhs,"ZURDAAA....!  PARA HABLAR ,  PRIMERO  HAY QUE GANAR ! ABRAZO  KUKA ARDIDAAA",Ugxf7oUwY4GQsGzxgYt4AaABAg,True,0,2024-10-11T02:06:37Z,2024-10-11T02:06:37Z
@thegastongon,http://www.youtube.com/@thegastongon,UCG9o6Fy5TRTmZ8thaia29AQ,{'value': 'UCG9o6Fy5TRTmZ8thaia29AQ'},RPcwUunWqhs,Me pareci√≥ una entrevista amistosa. A pesar que la he visto operar y calumniar en vivo a un ex funcionario de Macri que apoya al gobierno.,UgwqCPJBJa1lCWHj5WF4AaABAg,True,0,2024-10-11T02:06:15Z,2024-10-11T02:13:27Z
@enriquereyespardo,http://www.youtube.com/@enriquereyespardo,UCHwJuvA0TpwrrCj_VLRbzaA,{'value': 'UCHwJuvA0TpwrrCj_VLRbzaA'},RPcwUunWqhs,Grande sos<br>Excelente todo lo q das en esta Batalla Cultural üòä,UgwgHybJKda_h378N_Z4AaABAg,True,3,2024-10-11T02:05:05Z,2024-10-11T02:05:05Z
@Love_a_Serena,http://www.youtube.com/@Love_a_Serena,UC9BsEukMHg5YsWyXzqIEw7Q,{'value': 'UC9BsEukMHg5YsWyXzqIEw7Q'},RPcwUunWqhs,"Ac√°, una de 44 que te sigue, banca, admira tu laburo y te difunde. Besotes!",UgybSBxob7QZ9Ge_Ad14AaABAg,True,16,2024-10-11T02:04:43Z,2024-10-11T02:04:43Z
@Donnadie6889,http://www.youtube.com/@Donnadie6889,UCSPP0dNQdlDDrR0aRhFdBCw,{'value': 'UCSPP0dNQdlDDrR0aRhFdBCw'},RPcwUunWqhs,COMO TE AMO BREAK POINT!!!<br><br>LLOREN T0S PU KIRCHOS VENDE PATRIA Y 3S TU PI D0S LLOREN!!!,Ugw_Ki5d5pQHh6NMXKJ4AaABAg,True,0,2024-10-11T02:02:02Z,2024-10-11T02:02:02Z
@patriciamarignani4602,http://www.youtube.com/@patriciamarignani4602,UCetvWcBkiStuQt27rTEjxIg,{'value': 'UCetvWcBkiStuQt27rTEjxIg'},RPcwUunWqhs,Bien ay marian vos si podes,UgwjXVHg495DBmdqfPd4AaABAg,True,1,2024-10-11T02:00:12Z,2024-10-11T02:00:12Z
@gabrieldanger7397,http://www.youtube.com/@gabrieldanger7397,UC6HF1uU_ZQumZb1Nu0l2p7w,{'value': 'UC6HF1uU_ZQumZb1Nu0l2p7w'},RPcwUunWqhs,Mariano Closs üòÇ,UgyHhBDZx4tK9Ch-X5B4AaABAg,True,0,2024-10-11T01:58:49Z,2024-10-11T01:58:49Z
@EB-jd4oh,http://www.youtube.com/@EB-jd4oh,UC_u8XgS0NvbEJciWDnzsgBg,{'value': 'UC_u8XgS0NvbEJciWDnzsgBg'},RPcwUunWqhs,"Buena Marian. Igual Olivan es la que menos mal me cae de las feministas,  de hecho ha sido discriminada muchas veces por el mismo movimiento XD.... hay que aprender y evolucionar.",UgweEPnp9tWuGaxd4F54AaABAg,True,0,2024-10-11T01:56:55Z,2024-10-11T01:56:55Z
@asteffichresoagli9779,http://www.youtube.com/@asteffichresoagli9779,UCG06A9kWWK-UOx9P648q71A,{'value': 'UCG06A9kWWK-UOx9P648q71A'},RPcwUunWqhs,"Buena entrevista, vos y Fran Fijap hacen un buen trabajo, lastima que pierden m√©rito por ejemplo con este titulo que es parte de sus estilos. Aun son jovenes, espero sepan ver que esa no es la  mejor manera. Te dejo una frase de Amado Nervo: &quot; La verdadera grandeza, no necesita la humillaci√≥n del resto.&quot;",UgwF1JNCcDCP0vEV5Zh4AaABAg,True,6,2024-10-11T01:54:54Z,2024-10-11T01:54:54Z
@zolegan,http://www.youtube.com/@zolegan,UCMwOwgQHHTpqqDhp3aihGDA,{'value': 'UCMwOwgQHHTpqqDhp3aihGDA'},RPcwUunWqhs,M√ÅS,UgxguVqU0I0ZVUn_Yb54AaABAg,True,0,2024-10-11T01:52:45Z,2024-10-11T01:52:45Z
@evaristmilian7826,http://www.youtube.com/@evaristmilian7826,UCF2ZlWsRdYg-YkbPL7qkAzQ,{'value': 'UCF2ZlWsRdYg-YkbPL7qkAzQ'},RPcwUunWqhs,Estos zurditos son los mismos que juraban que la inflacion era &#39;multi-causal&#39;!,Ugz0VjG0TtcmC2KPd7l4AaABAg,True,0,2024-10-11T01:52:43Z,2024-10-11T01:52:43Z
@FabioC1082,http://www.youtube.com/@FabioC1082,UCdLVWNbXQcx-VQI2cVY6lFg,{'value': 'UCdLVWNbXQcx-VQI2cVY6lFg'},RPcwUunWqhs,"Se dice &quot;yo discrepo de vos&quot;, no &quot;discrepo con vos.&quot; No se discrepa con alguien, sino de alguien.",UgwbEtvl7TszbX20out4AaABAg,True,0,2024-10-11T01:51:58Z,2024-10-11T01:51:58Z
@ricardodacruz3435,http://www.youtube.com/@ricardodacruz3435,UCDNrrK8brt_wDmEBAs7Ulsg,{'value': 'UCDNrrK8brt_wDmEBAs7Ulsg'},RPcwUunWqhs,Que bien este muchacho!! √âxitos Mariano!! Est√°s a la altura de cualquier periodista de hoy da gusto escucharte .,UgzSv35DhUpoJ8dF3Rl4AaABAg,True,22,2024-10-11T01:50:56Z,2024-10-11T01:50:56Z
@budweiser2002,http://www.youtube.com/@budweiser2002,UCMuW5AMaTpN9G7ZN3V9N_6w,{'value': 'UCMuW5AMaTpN9G7ZN3V9N_6w'},RPcwUunWqhs,una estupida de 678,UgxOc9R8arQWCqJm3Xt4AaABAg,True,0,2024-10-11T01:47:58Z,2024-10-11T01:47:58Z
@kalober4543,http://www.youtube.com/@kalober4543,UCFVYaR9mWz8BCxgyKTXI0jQ,{'value': 'UCFVYaR9mWz8BCxgyKTXI0jQ'},RPcwUunWqhs,üëåüèΩ Exitos Marino...,Ugwxb5KTCz1c5XUuJEF4AaABAg,True,14,2024-10-11T01:47:50Z,2024-10-11T01:47:50Z
@nelidacabrera4517,http://www.youtube.com/@nelidacabrera4517,UCjO4TyWvkn2N7KCd--cLA_A,{'value': 'UCjO4TyWvkn2N7KCd--cLA_A'},RPcwUunWqhs,Grande mariano no aflojes segui para adelante ..te felicito..por tu educaci√≥n y le demostras a estos delincuentes vagos mal educados le demuestre tu inteligencia.,UgyMpv8hkICACMg9viF4AaABAg,True,9,2024-10-11T01:46:53Z,2024-10-11T01:46:53Z
@CeciliaMor√°n-l1h,http://www.youtube.com/@CeciliaMor%C3%A1n-l1h,UCtpbhgRU8sxbMvOdTOmwfqQ,{'value': 'UCtpbhgRU8sxbMvOdTOmwfqQ'},RPcwUunWqhs,"Yo estoy feliz, 33000 d√≥lares cada mes! Ahora puedo retribuir a la gente de mi comunidad y tambi√©n apoyar las obras de Dios y la iglesia.",Ugz2chprsHyu4mkpYwl4AaABAg,True,0,2024-10-11T01:45:14Z,2024-10-11T01:45:14Z
@Fabi-v9l,http://www.youtube.com/@Fabi-v9l,UC4pxFKSQdYGknxFAHbUmYyg,{'value': 'UC4pxFKSQdYGknxFAHbUmYyg'},RPcwUunWqhs,Que mujer m√°s c√≠nica y demagoga.,Ugw0co3k28bcqbJUqml4AaABAg,True,1,2024-10-11T01:43:50Z,2024-10-11T01:43:50Z
@marinapamontero512,http://www.youtube.com/@marinapamontero512,UCovBohoOwUpLIBt8_Sl3lFg,{'value': 'UCovBohoOwUpLIBt8_Sl3lFg'},RPcwUunWqhs,Muy buena entrevista üëç,Ugz0KyJTOJQMJtdM4eZ4AaABAg,True,13,2024-10-11T01:43:44Z,2024-10-11T01:43:44Z
@RosaParraHerrero,http://www.youtube.com/@RosaParraHerrero,UCmKcVdkvwYURc8Hfvia2gAg,{'value': 'UCmKcVdkvwYURc8Hfvia2gAg'},RPcwUunWqhs,"Estas antimujeres que han nacido de un fantasma que se la inyect√≥ a la madre y de ah√≠ nacieron √©stas espantap√°jaros que atacan a los hombres, que son nuestros padres, hermanos, hijos, a los cuales estamos muy reconocidos.",Ugzv1lI291PB_hrx-r94AaABAg,True,0,2024-10-11T01:43:37Z,2024-10-11T01:43:37Z
@nellysanchez5008,http://www.youtube.com/@nellysanchez5008,UCSPUmI6PFpsMCmcIXhNyOIg,{'value': 'UCSPUmI6PFpsMCmcIXhNyOIg'},RPcwUunWqhs,"Bien Mariano, excelente tu crecimiento!!! En verdad Julia Olivan, es mas anti k, y no es de las feministas. Creo que es una de las mas coherentes, siempre su linea fue la investigacion y destapar curros. A esta alumna de Lanata la banco. Reconozcamos te trato muy bien!!!",Ugy2n5ePcJj01A9PizJ4AaABAg,True,9,2024-10-11T01:41:14Z,2024-10-11T01:41:14Z
@ramonbarrios3101,http://www.youtube.com/@ramonbarrios3101,UCJapQcNBYy-z2xjks7kmz8Q,{'value': 'UCJapQcNBYy-z2xjks7kmz8Q'},RPcwUunWqhs,Te veo en la calle mariano y te abrazo,Ugw7Q7CeIWYiUqertZ94AaABAg,True,0,2024-10-11T01:41:00Z,2024-10-11T01:41:00Z
@victornormandia4475,http://www.youtube.com/@victornormandia4475,UCOwloMHB8-aBqqe_PYOLTng,{'value': 'UCOwloMHB8-aBqqe_PYOLTng'},RPcwUunWqhs,Eres grande buen prediodista viva la libertada. Carajo,UgxS6OEEmclKcnNtFjt4AaABAg,True,73,2024-10-11T01:40:32Z,2024-10-11T01:40:32Z
@hernanamaya330,http://www.youtube.com/@hernanamaya330,UCrhav5vaaAnhRMWk_j5SPFQ,{'value': 'UCrhav5vaaAnhRMWk_j5SPFQ'},RPcwUunWqhs,‚ù§Saludos desde üÜï York üóΩüá™üá®,UgyNxdBYNoMJSGBqBBR4AaABAg,True,11,2024-10-11T01:40:13Z,2024-10-11T01:40:13Z
@saraacosta3403,http://www.youtube.com/@saraacosta3403,UCTQqCHT4icx2GN5Li_l2QJQ,{'value': 'UCTQqCHT4icx2GN5Li_l2QJQ'},RPcwUunWqhs,Que bien se siente cuando un joven como tu Mariano tan tranquilo educado e inteligente ...INCOMODA AL PERIODISMO TRADICIONAL LE BUSCAN EL PELO AL HUEVO ...,UgzSDEMlrJwYwlWexQN4AaABAg,True,1,2024-10-11T01:39:32Z,2024-10-11T01:39:32Z
@gracieladiaz7457,http://www.youtube.com/@gracieladiaz7457,UCo8XGRBM17pa-6cj4ssJ2VQ,{'value': 'UCo8XGRBM17pa-6cj4ssJ2VQ'},RPcwUunWqhs,"Gracias Mariano por tu trabajo y tu educaci√≥n, nos representas.",UgznkcMYWTbont3GtpB4AaABAg,True,47,2024-10-11T01:38:59Z,2024-10-11T01:38:59Z
@jorgeisaacpabon5308,http://www.youtube.com/@jorgeisaacpabon5308,UC1ud4EeTtuXDlJlfOhpZLow,{'value': 'UC1ud4EeTtuXDlJlfOhpZLow'},RPcwUunWqhs,VLLCüá¶üá∑ü¶Åüíúü¶Üüá¶üá∑,Ugyo528IkjMfONy1Kzh4AaABAg,True,0,2024-10-11T01:38:02Z,2024-10-11T01:38:02Z
@martavargas4315,http://www.youtube.com/@martavargas4315,UC7rg0fGtyStkTOvZa5mlD_A,{'value': 'UC7rg0fGtyStkTOvZa5mlD_A'},RPcwUunWqhs,‚ù§‚ù§‚ù§‚ù§ü¶Åüá¶üá∑,UgzvYR8iVbiqdrFnmvh4AaABAg,True,2,2024-10-11T01:36:57Z,2024-10-11T01:36:57Z
@MarcosDaniel88,http://www.youtube.com/@MarcosDaniel88,UCszhk32AFU4WU57BlvO83xQ,{'value': 'UCszhk32AFU4WU57BlvO83xQ'},RPcwUunWqhs,jajaja larg√° el clic bait que ya sos millonario,UgzXAbkZBr1gpH03Tsh4AaABAg,True,0,2024-10-11T01:36:34Z,2024-10-11T01:36:34Z
@jorgeisaacpabon5308,http://www.youtube.com/@jorgeisaacpabon5308,UC1ud4EeTtuXDlJlfOhpZLow,{'value': 'UC1ud4EeTtuXDlJlfOhpZLow'},RPcwUunWqhs,Marian darle voz a esta gente no se cuelgan del √©xito Libertario....?,Ugy3OT1SC3PcbzU-TTp4AaABAg,True,0,2024-10-11T01:36:30Z,2024-10-11T01:36:30Z
@ricardoespinola7005,http://www.youtube.com/@ricardoespinola7005,UCNfP3BivNMmYK8L2lJwCGjQ,{'value': 'UCNfP3BivNMmYK8L2lJwCGjQ'},RPcwUunWqhs,"Mariano, explicame como si sos un periodista &quot;deportivo&quot; estas haciendo periodismo que &quot;no es deportivo&quot;. No suena como que tengas preparacion para otro tipo de periodismo. Me pregunto, si estas bien formado desde el punto de vista profesional. En este pais gente sin la adecuada preparacion habla de cosas que no sabe. Seria bueno que lo aclararas.",Ugw4mNHMzUFRzLL_5TV4AaABAg,True,0,2024-10-11T01:36:28Z,2024-10-11T01:36:28Z
@Fabinho-pg3ou,http://www.youtube.com/@Fabinho-pg3ou,UCa8H7QLNo1N_vS4xdg6uddQ,{'value': 'UCa8H7QLNo1N_vS4xdg6uddQ'},RPcwUunWqhs,Cu√°l periodista anti Milei? Si el otro d√≠a la escuch√© defendiendo y apoyando medidas de este gobierno,Ugxb4q24-IbMzmhBwcV4AaABAg,True,0,2024-10-11T01:36:11Z,2024-10-11T01:36:11Z
@kart1350,http://www.youtube.com/@kart1350,UCqx8Omslm_T1STdImKHT7qg,{'value': 'UCqx8Omslm_T1STdImKHT7qg'},RPcwUunWqhs,"JajajjajsjjsüòÖ te zarpaste con el t√≠tulo, fue as√≠ tal cual üòÇ",UgwOfyGz13ypMUYhacB4AaABAg,True,0,2024-10-11T01:35:30Z,2024-10-11T01:35:30Z
@javierFernandez-electrojafer,http://www.youtube.com/@javierFernandez-electrojafer,UCvo5J9pQGQpTs7VjuloXasg,{'value': 'UCvo5J9pQGQpTs7VjuloXasg'},RPcwUunWqhs,Crack...¬°!!!,UgxyrOoUZYeq0ktiRPR4AaABAg,True,2,2024-10-11T01:35:02Z,2024-10-11T01:35:02Z
@ricardoespinola7005,http://www.youtube.com/@ricardoespinola7005,UCNfP3BivNMmYK8L2lJwCGjQ,{'value': 'UCNfP3BivNMmYK8L2lJwCGjQ'},RPcwUunWqhs,En este pais todo el mundo hace danios y la policia no interviene???? Que tipo de pais es Argentina???,Ugz7jpHz2imd-xYcumV4AaABAg,True,0,2024-10-11T01:34:13Z,2024-10-11T01:34:13Z
@cristinocardozo1410,http://www.youtube.com/@cristinocardozo1410,UCOPUg-5tBEdRqKaRMnGxuLg,{'value': 'UCOPUg-5tBEdRqKaRMnGxuLg'},RPcwUunWqhs,Linda pareja ‚ù§,UgxfDt3Xy-rMA78rGeZ4AaABAg,True,0,2024-10-11T01:34:09Z,2024-10-11T01:34:09Z
@ramonbarrios3101,http://www.youtube.com/@ramonbarrios3101,UCJapQcNBYy-z2xjks7kmz8Q,{'value': 'UCJapQcNBYy-z2xjks7kmz8Q'},RPcwUunWqhs,"A mayor libertad mayor responsabilidad, no libertinaje",Ugx4V90isyBZSFrme3d4AaABAg,True,0,2024-10-11T01:33:30Z,2024-10-11T01:33:30Z
@ricardoespinola7005,http://www.youtube.com/@ricardoespinola7005,UCNfP3BivNMmYK8L2lJwCGjQ,{'value': 'UCNfP3BivNMmYK8L2lJwCGjQ'},RPcwUunWqhs,Deberias mostrar los datos donde decis que superas a CNN.,UgykBJBgRe1p9BgoO-d4AaABAg,True,0,2024-10-11T01:32:23Z,2024-10-11T01:32:23Z
@ricardoespinola7005,http://www.youtube.com/@ricardoespinola7005,UCNfP3BivNMmYK8L2lJwCGjQ,{'value': 'UCNfP3BivNMmYK8L2lJwCGjQ'},RPcwUunWqhs,Duplicar a la CNN?,Ugw7LHfPuXrS4M3P1yZ4AaABAg,True,0,2024-10-11T01:31:44Z,2024-10-11T01:31:44Z
@RicardoRaul-zj2ts,http://www.youtube.com/@RicardoRaul-zj2ts,UCkVGo0XpIVVUewGaf5Rdtcg,{'value': 'UCkVGo0XpIVVUewGaf5Rdtcg'},RPcwUunWqhs,A.D.N    DE     CINICO     TIENE   ESTE    CHARLATAN...,UgxVl60NCSe12Cjno0V4AaABAg,True,0,2024-10-11T01:31:43Z,2024-10-11T01:32:11Z
@RicardoRaul-zj2ts,http://www.youtube.com/@RicardoRaul-zj2ts,UCkVGo0XpIVVUewGaf5Rdtcg,{'value': 'UCkVGo0XpIVVUewGaf5Rdtcg'},RPcwUunWqhs,NOS   TOMA   DE   ESTUPIDOS   ESTE    PIBE...   QUE   NO    MIENTA..  AMBOS   LOQUITOS    FUERON    A  BUSCAR    RO√ëA    Y     LES    SALIO    BARATO.  POR   SU   SALUD   LE    RECOMENDARIA   QU  E    LA    PROXIMA   NO     RECORRAN    LOS   CANALES   DE    TV....   PORQUE   INCREMENTAN    SUS   RIEZGOS,UgwlL_uF5ddeeEcmQr14AaABAg,True,0,2024-10-11T01:30:47Z,2024-10-11T01:30:47Z
@belenhae1622,http://www.youtube.com/@belenhae1622,UCdWoFKX81VwFqU5n2C-epgw,{'value': 'UCdWoFKX81VwFqU5n2C-epgw'},RPcwUunWqhs,La calle no est√° agresiva ....los agresivos son los ladrones,UgxOQJ_-dq8gPwLm4zN4AaABAg,True,72,2024-10-11T01:30:39Z,2024-10-11T01:30:39Z
@samirafarah5,http://www.youtube.com/@samirafarah5,UC4-4lUGWYat6GJLzB7rX0-A,{'value': 'UC4-4lUGWYat6GJLzB7rX0-A'},RPcwUunWqhs,"BIEN MARIAN, üòäüòäüòäüòäME",UgyeS7lQoUD5b7Rdo3d4AaABAg,True,6,2024-10-11T01:28:37Z,2024-10-11T01:28:37Z
@cristiandl5,http://www.youtube.com/@cristiandl5,UC5OqgdgOW0hEGJVz-TQ6W6g,{'value': 'UC5OqgdgOW0hEGJVz-TQ6W6g'},RPcwUunWqhs,"LA MINA TE TIENE UNA BRONCA Y ENVIDIAüòÇüòÇüòÇüòÇ si analizas sus gestos se siente inferior pobrecita. Risa fingida se come las u√±as, se limpia los dientes mientras te entrevista para minimizarte y podria seguir analizando toda la hora. Igual le deje un lindo comentario en su canalüòÖ igual se va domando de a poco y la empiezan a ver de a poco...igual la escencia zurda no se va jam√°s",UgyRk19jLEDEZXcPtdl4AaABAg,True,3,2024-10-11T01:28:14Z,2024-10-11T01:28:14Z
@ramonbarrios3101,http://www.youtube.com/@ramonbarrios3101,UCJapQcNBYy-z2xjks7kmz8Q,{'value': 'UCJapQcNBYy-z2xjks7kmz8Q'},RPcwUunWqhs,Ten√©s que volver a invitar a milei ‚ù§‚ù§‚ù§,Ugx-whDn_PCupD4Aq394AaABAg,True,0,2024-10-11T01:26:35Z,2024-10-11T01:26:35Z
@RicardoRaul-zj2ts,http://www.youtube.com/@RicardoRaul-zj2ts,UCkVGo0XpIVVUewGaf5Rdtcg,{'value': 'UCkVGo0XpIVVUewGaf5Rdtcg'},RPcwUunWqhs,SON    EXPERTOS    ANARQUISTA    BUSCA    PLEITOS    ESTOS     CHICOS....   EN   LA    ARGENTINA    REPRESENTAN     UN    GRAN   PELIGRO    QUE   SE   REPRODUZCAN    ESTA    CLASE    DE    NOTEROS    BARATOS,Ugz854-DxfaLSno8pjB4AaABAg,True,0,2024-10-11T01:25:54Z,2024-10-11T01:25:54Z
@TUESTADIAENMENDOZA,http://www.youtube.com/@TUESTADIAENMENDOZA,UCe5kkcQAhdrWd1lVoqz5Tow,{'value': 'UCe5kkcQAhdrWd1lVoqz5Tow'},RPcwUunWqhs,Tienen archivos. Historia bquebbloquea el relato,UgyIdmWbXISaEdlvvLp4AaABAg,True,0,2024-10-11T01:25:49Z,2024-10-11T01:25:49Z
@gloriafaez7312,http://www.youtube.com/@gloriafaez7312,UCJrpbXTZYDY_PQLMZO57o8w,{'value': 'UCJrpbXTZYDY_PQLMZO57o8w'},RPcwUunWqhs,Mariano te queremos..y te re bancamos..,Ugw40Wg3aWSoYe43dyR4AaABAg,True,78,2024-10-11T01:25:25Z,2024-10-11T01:26:08Z
@isabeldebernardi6916,http://www.youtube.com/@isabeldebernardi6916,UClWfug7gH-egU3uu97pQXGQ,{'value': 'UClWfug7gH-egU3uu97pQXGQ'},RPcwUunWqhs,Es verdad yo te sigo hace muchos meses desde que estaba en campa√±a Milei ...y ahora cuando quiero saber la verdad de lo que pas√≥ ...miro tu canal,UgweXvF7eAicfnkTAOx4AaABAg,True,5,2024-10-11T01:25:19Z,2024-10-11T01:25:19Z
@guillermofernandez5690,http://www.youtube.com/@guillermofernandez5690,UCSZ1LlFZt-X77hsp1Klhvqw,{'value': 'UCSZ1LlFZt-X77hsp1Klhvqw'},RPcwUunWqhs,"üòÇ vas a provocar ,a chicanear ,bardean por Youtube ...y si la gente se va a cansar y va a reaccionar... Como reacciono con este pibe fran.....",UgxGQLPgpIANu3u9P454AaABAg,True,0,2024-10-11T01:24:50Z,2024-10-11T01:24:50Z
@RicardoRaul-zj2ts,http://www.youtube.com/@RicardoRaul-zj2ts,UCkVGo0XpIVVUewGaf5Rdtcg,{'value': 'UCkVGo0XpIVVUewGaf5Rdtcg'},RPcwUunWqhs,ESTOS   MUCHACHOS    ANDAN   BUSCANDO  TRABAJO   Y     DESBANCAR     BAJANDOLE EL PRECIO     A     FEIMAN  A    LAJE     A   JONI   VIALE     A    MAJUL    A L   GORDITO   WI√ëATZKY  Y    A     CUALQUIERA  QUE   CLARIN  O   LA NACION   QUIERA    RAJAR,Ugywgp8YbmJuR8qRMAN4AaABAg,True,0,2024-10-11T01:24:45Z,2024-10-11T01:24:45Z
@oscarambassador5676,http://www.youtube.com/@oscarambassador5676,UCR8zVO4LHFm53TNQj_Zl0EA,{'value': 'UCR8zVO4LHFm53TNQj_Zl0EA'},RPcwUunWqhs,"Capo,yo vote a Milei y siempre me gustaron tus informes,pero el t√≠tulo no me parece,y a tal punto que ni lo quise ver, Mar√≠a Julia es una re mujer y no se merece ese calificativo,muy injusto. Milei presidente üá¶üá∑",Ugzgb46JKyn6UZHS8Ql4AaABAg,True,4,2024-10-11T01:23:43Z,2024-10-11T01:23:43Z
@alanmartinez7647,http://www.youtube.com/@alanmartinez7647,UC1C0JhAhK8um02n9f3ECxwA,{'value': 'UC1C0JhAhK8um02n9f3ECxwA'},RPcwUunWqhs,"esta quiere imponer &quot;periodistas&quot;, que &quot;les den pauta y un programa&quot; etc...cualquiera...hoy ten√©s un micr√≥fono y una cam lo pod√©s subir a internet...la gente va a elegir si quiere verte o no",UgysdPw1Q6MHYaGmg0p4AaABAg,True,0,2024-10-11T01:23:18Z,2024-10-11T01:23:18Z
@RicardoRaul-zj2ts,http://www.youtube.com/@RicardoRaul-zj2ts,UCkVGo0XpIVVUewGaf5Rdtcg,{'value': 'UCkVGo0XpIVVUewGaf5Rdtcg'},RPcwUunWqhs,ESTE    COBARDE   QUE    SE    PRESENTA COMO   BREAK POINT   Y    NO    QUIERE   S ER     MARIANO   PEREZ....AL    IGUAL    QUE   FRAN    FIAP    QUE     MUESTREN   LOS    CERTIFICADOS    DE   PERIODISTAS.    PORQUE    PARA   MI    SOLO SON   LOS  ENSOBRADOS  DE   MILEY.,UgxmJBqcKqHNcvC_l-d4AaABAg,True,0,2024-10-11T01:22:23Z,2024-10-11T01:22:23Z
@David-fc4bg,http://www.youtube.com/@David-fc4bg,UCO26x4dxplN4fij4ROz2ONg,{'value': 'UCO26x4dxplN4fij4ROz2ONg'},RPcwUunWqhs,"Saludos Mariano, Dios te bendiga!",UgynS2EyL1TCITB9woR4AaABAg,True,10,2024-10-11T01:22:13Z,2024-10-11T01:22:13Z
@fer_benitez_dg,http://www.youtube.com/@fer_benitez_dg,UCOLitx17hhJl3pGgNVJ1apQ,{'value': 'UCOLitx17hhJl3pGgNVJ1apQ'},RPcwUunWqhs,Mariano fivino‚ù§‚ù§‚ù§‚ù§‚ù§‚ù§‚ù§‚ù§Mariano divino,UgxX8RkXiyMfvz0t3Cl4AaABAg,True,2,2024-10-11T01:21:50Z,2024-10-11T01:23:01Z
@AmazingwildCAT,http://www.youtube.com/@AmazingwildCAT,UCYxpEDXDPMuqyYmD6hLLjsQ,{'value': 'UCYxpEDXDPMuqyYmD6hLLjsQ'},RPcwUunWqhs,"Profesional el chico, la chica bella e interesante",Ugxer6qWO8argetX-PF4AaABAg,True,0,2024-10-11T01:20:12Z,2024-10-11T01:20:12Z
@Miparwo,http://www.youtube.com/@Miparwo,UC0YHuv6ow4gZmI13V46vcpg,{'value': 'UC0YHuv6ow4gZmI13V46vcpg'},RPcwUunWqhs,"Estuvo muy mal no arrinconarla porque ella nunca critica a los peronistas, que vivan insultando desde que abren la boca hasta que la cierran. Sus insultos no son &quot;violencia&quot;. S√≥lo lo que diga Milei es violencia.",UgyFdA0c1H4sVM0c7i54AaABAg,True,0,2024-10-11T01:19:54Z,2024-10-11T01:19:54Z
@RosanaManganare-iu3qw,http://www.youtube.com/@RosanaManganare-iu3qw,UCor2Tk91VOZ1xTso-0Wm2Mw,{'value': 'UCor2Tk91VOZ1xTso-0Wm2Mw'},RPcwUunWqhs,"Principio de revelaci√≥n, proyectan lo que son",UgyDFrC1hwSHkSvdi5B4AaABAg,True,0,2024-10-11T01:18:18Z,2024-10-11T01:18:18Z
@EleonorMis,http://www.youtube.com/@EleonorMis,UC0dgGu89clbDkHWqbWz0oWA,{'value': 'UC0dgGu89clbDkHWqbWz0oWA'},RPcwUunWqhs,"Mariano, tengo 63 a√±os y te sigo como mis hijos en casa. Cuando fue lo de Venezuela estuve siguiendote pegada al celular. Gracias por lo que haces. Saludos desde Tucum√°n.",UgxwPD7ZxcZxbFx8Q3l4AaABAg,True,53,2024-10-11T01:17:04Z,2024-10-11T01:17:04Z
@fernandez1330,http://www.youtube.com/@fernandez1330,UC0cCBIkxtfME6ngXPZqBDxA,{'value': 'UC0cCBIkxtfME6ngXPZqBDxA'},RPcwUunWqhs,"No se porque se cuestiona si es o no periodista, Jorge Rial de Chimentero de Intrusos, cagandose en la vida de los demas, por un &quot;sobre&quot; que le pasaban los kirchneristas pas√≥ a ejecer periodista pol√≠tico y de ser un tipo pobre que buscaba trabajo en las radios, ahora tiene casa en Miami,le compr√≥ departamento a su otra hija viaja por todo el mundo, lleg√≥ a tener una bodega de vino  en Mendoza donde fabricaba vino poniendo la etiqueta de su hija Morena, no tiene autoridad moral ni trayectoria para criticar a los dem√°s",UgxFf_dD0bXbvuAeUsl4AaABAg,True,0,2024-10-11T01:16:35Z,2024-10-11T01:16:35Z
@dskapuy,http://www.youtube.com/@dskapuy,UC8qAC9dpQW2L8R1eGH2hGMQ,{'value': 'UC8qAC9dpQW2L8R1eGH2hGMQ'},RPcwUunWqhs,"ESTUVISTE BRILLANTE PORQUE SOS BRILLANTEEE, MARIANITO, TE ABRAZO CON EL ALMA‚ù§",UgzH5DNI5TyXi9S0zwJ4AaABAg,True,41,2024-10-11T01:14:41Z,2024-10-11T01:14:41Z
@OneCarLost_1,http://www.youtube.com/@OneCarLost_1,UC-_ih7PZanMA6Gsk5_eTzFA,{'value': 'UC-_ih7PZanMA6Gsk5_eTzFA'},RPcwUunWqhs,¬øHan identificado ya a los zurdos agresores a Fran Fijap?<br>üôèSupongo que ingresar√°n a la c√°rcel y as√≠ obtener el √∫nico t√≠tulo acad√©mico que se merecen....<br>¬°¬°¬° EL DE DELINCUENTES !!!<br>üò°,Ugy1qDbqsTaUIp5s2lJ4AaABAg,True,1,2024-10-11T01:14:18Z,2024-10-11T01:14:18Z
@Jano_93,http://www.youtube.com/@Jano_93,UCmDvnmVEMy_0a_3uUq1Eo9g,{'value': 'UCmDvnmVEMy_0a_3uUq1Eo9g'},RPcwUunWqhs,&quot;termin√≥ humillada&quot; este pibe tiene 12 a√±os,UgxOiyEGJQtpUroHB4V4AaABAg,True,0,2024-10-11T01:13:25Z,2024-10-11T01:13:25Z
@ominae1,http://www.youtube.com/@ominae1,UC6Ht2q-F0gRf8UdymZyGRFA,{'value': 'UC6Ht2q-F0gRf8UdymZyGRFA'},RPcwUunWqhs,"Periodista feminista llorando por el mercado... Me hace acordar a las futbolistas femeninas que piden ganar igual que los hombres...<br>Y hablan de violencia y los mensajes y blablabla, cuando desde la campa√±a, DESDE SIEMPRE mejor dicho los actos de violencia vienen del mismo lado, y quieren poner a la misa altura a los militantes o partidarios del gobierno de Milei...",Ugx0lS5K3kUWGW1olQd4AaABAg,True,0,2024-10-11T01:11:49Z,2024-10-11T01:20:27Z
@marianoillescas4629,http://www.youtube.com/@marianoillescas4629,UCyvpIY-4DgJLNVBDxstMYfw,{'value': 'UCyvpIY-4DgJLNVBDxstMYfw'},RPcwUunWqhs,"Vos no informas, no chequeas lo que decis, y decis boludeces",UgyJgXBHqZ95iUX1gzN4AaABAg,True,0,2024-10-11T01:11:18Z,2024-10-11T01:11:18Z
@ivanalas71,http://www.youtube.com/@ivanalas71,UCH3XXIBAhUH3THef9-p-42w,{'value': 'UCH3XXIBAhUH3THef9-p-42w'},RPcwUunWqhs,Fuerza Mariano!!!! üëèüëèüëèüëèüëèüíØ,UgxhOeVzwTgO1s48Djp4AaABAg,True,34,2024-10-11T01:11:08Z,2024-10-11T01:11:08Z
@karmayesue,http://www.youtube.com/@karmayesue,UCio7UKE0Vmg760VF8USuidQ,{'value': 'UCio7UKE0Vmg760VF8USuidQ'},RPcwUunWqhs,"Gracias licenciado Mariano por su aporte y apoyo por la causa venezolana. Saludos desde Guanare, Portuguesa, Venezuela üáªüá™ Bendiciones y luz üåøüôè‚ú®",UgxO2q6Q3aJlZLTNV_J4AaABAg,True,38,2024-10-11T01:10:45Z,2024-10-11T01:10:45Z
@veroluz33,http://www.youtube.com/@veroluz33,UC2YDqL1WzKr7sICEvclHNLQ,{'value': 'UC2YDqL1WzKr7sICEvclHNLQ'},RPcwUunWqhs,"El t√≠tulo es violento , la periodista no te falt√≥ el respeto <br>El peluca hace lo mismo en sus videos y es al pedo , no suma",UgyxZ0Ti31UagQxoyid4AaABAg,True,0,2024-10-11T01:10:42Z,2024-10-11T01:10:42Z
@marianoillescas4629,http://www.youtube.com/@marianoillescas4629,UCyvpIY-4DgJLNVBDxstMYfw,{'value': 'UCyvpIY-4DgJLNVBDxstMYfw'},RPcwUunWqhs,Peroodista recibido en river jajajaja,UgwIg5zmB4_IXS-NAkJ4AaABAg,True,0,2024-10-11T01:09:15Z,2024-10-11T01:09:15Z
@mariavilte7052,http://www.youtube.com/@mariavilte7052,UCwzmbiu1Mrj8If1OBf1jaYA,{'value': 'UCwzmbiu1Mrj8If1OBf1jaYA'},RPcwUunWqhs,"Eso de&quot; provocar &quot; ya m tienen harta , es como decir que una mujer provoca por eso la violan o por eso la matan , es justificar la violencia",UgyjCbot4Ao7Lp7aHvh4AaABAg,True,7,2024-10-11T01:08:40Z,2024-10-11T01:08:40Z
@TheBaskinho,http://www.youtube.com/@TheBaskinho,UCJBJrzKqUXViBAGlnC_X7Aw,{'value': 'UCJBJrzKqUXViBAGlnC_X7Aw'},RPcwUunWqhs,A los zurdos y kukas ni agua!,UgyqlQoNzWa5KM3w9E14AaABAg,True,0,2024-10-11T01:08:36Z,2024-10-11T01:08:36Z
@byronfagerstrom5125,http://www.youtube.com/@byronfagerstrom5125,UCQ1oaptQFhftea4-PWalJaQ,{'value': 'UCQ1oaptQFhftea4-PWalJaQ'},RPcwUunWqhs,bien ah√≠ Mariano jajajaj suerte üçÄ,UgwF7L2-DtTfZekMI8B4AaABAg,True,6,2024-10-11T01:06:07Z,2024-10-11T01:06:07Z
@RobertoVeloz-jv5ns,http://www.youtube.com/@RobertoVeloz-jv5ns,UCxSgWVpHEYn_3jDLE8TvD8Q,{'value': 'UCxSgWVpHEYn_3jDLE8TvD8Q'},RPcwUunWqhs,IMPRECIONANTE PERO LO SIGO POR DESIR LA VERDAD DISCULPAS POR MI MALA ORTOGRAFIA PERO TIENES MI APOLLO,Ugxqm1wCYMAuMgxvR5N4AaABAg,True,0,2024-10-11T01:04:50Z,2024-10-11T01:04:50Z
@exess22monzon50,http://www.youtube.com/@exess22monzon50,UC-Uxegeilmb3_vjnJTe880A,{'value': 'UC-Uxegeilmb3_vjnJTe880A'},RPcwUunWqhs,Muy cierto que la gente no cree en los periodistas egemonicos,UgyoCY1prE76PIBT6wR4AaABAg,True,0,2024-10-11T01:03:32Z,2024-10-11T01:03:32Z
@leonelgiraldo8930,http://www.youtube.com/@leonelgiraldo8930,UCHVTB2ws2Ccg8sHgjA_Ak0g,{'value': 'UCHVTB2ws2Ccg8sHgjA_Ak0g'},RPcwUunWqhs,Las hienas atacan cobardemente en manada al le√≥n.,UgyPAR6Uyl1_sYeak7t4AaABAg,True,9,2024-10-11T01:03:26Z,2024-10-11T01:03:26Z
@robertoherrera6796,http://www.youtube.com/@robertoherrera6796,UCza1DRFHzMq69280bfqiMbA,{'value': 'UCza1DRFHzMq69280bfqiMbA'},RPcwUunWqhs,"Por favor un an√°lisis m√°s importante actual,,solo rese√±a de trabajo pasado,,el feminismo es estupidez de fan√°ticos perdida de tiempo",UgwoUXTxg6SMSII2l9h4AaABAg,True,0,2024-10-11T01:02:01Z,2024-10-11T01:04:02Z
@NorbertolLires,http://www.youtube.com/@NorbertolLires,UCLZ2hZD0eqY9EE20KW96K_g,{'value': 'UCLZ2hZD0eqY9EE20KW96K_g'},RPcwUunWqhs,Nunca m√°s afuera genodidas,Ugxuya3OINVBm2gHsal4AaABAg,True,0,2024-10-11T01:01:11Z,2024-10-11T01:01:11Z
@Alan-kb5iz,http://www.youtube.com/@Alan-kb5iz,UCwSRwExIOKPtVg4Rscv-r8A,{'value': 'UCwSRwExIOKPtVg4Rscv-r8A'},RPcwUunWqhs,Abrazo Mariano  10/10 segu√≠ as√≠ üí™,UgyHTG27fQqDd35iTQt4AaABAg,True,9,2024-10-11T01:01:09Z,2024-10-11T01:01:09Z
@28dedicimbre,http://www.youtube.com/@28dedicimbre,UCCJAX4xMwMGLbFEt24KPlFg,{'value': 'UCCJAX4xMwMGLbFEt24KPlFg'},RPcwUunWqhs,Son tan est√∫pidas las personas que apoyan este movimiento feminista.,UgwbaJl3tUL3QFgvQ1B4AaABAg,True,0,2024-10-11T01:00:34Z,2024-10-11T01:00:34Z
@estebanquiroga7629,http://www.youtube.com/@estebanquiroga7629,UC7-LNkjfIZ41xNrgjZkSRnw,{'value': 'UC7-LNkjfIZ41xNrgjZkSRnw'},RPcwUunWqhs,"Que onda con el t√≠tulo igual. Pq la piba le habl√≥ con respeto toda la entrevista, dialogar, debatir no es &quot;domar&quot;, &quot;humillar&quot;",UgxgPOZd1zAq-1977tV4AaABAg,True,7,2024-10-11T00:59:32Z,2024-10-11T00:59:54Z
@evangelinanightwish,http://www.youtube.com/@evangelinanightwish,UC76wy55IZEBE11MOG5OcWjQ,{'value': 'UC76wy55IZEBE11MOG5OcWjQ'},RPcwUunWqhs,Frannn... Te re bancamos y hubiera estado ahi .. juro que te defendia,UgxDn1OFYt0E19HI76x4AaABAg,True,0,2024-10-11T00:59:09Z,2024-10-11T00:59:09Z
@carlosalbertoramirez6199,http://www.youtube.com/@carlosalbertoramirez6199,UC3djJrtEdDFKdQ5v4_-19DA,{'value': 'UC3djJrtEdDFKdQ5v4_-19DA'},RPcwUunWqhs,Mariano un GROSOOOO.,UgyGgv0FgxGvpkJA9ph4AaABAg,True,18,2024-10-11T00:59:01Z,2024-10-11T00:59:01Z
@NorbertolLires,http://www.youtube.com/@NorbertolLires,UCLZ2hZD0eqY9EE20KW96K_g,{'value': 'UCLZ2hZD0eqY9EE20KW96K_g'},RPcwUunWqhs,Fiera como hombres jujuju ratas ensobradas ni a caminar salchichon genosidas ya se van nunca mad,UgwI-PSdCa0MM_92uS54AaABAg,True,0,2024-10-11T00:58:15Z,2024-10-11T00:58:15Z
@anaraquelmartelespinoza8286,http://www.youtube.com/@anaraquelmartelespinoza8286,UCHGSFXWDR0hk-AYpF-C2N8Q,{'value': 'UCHGSFXWDR0hk-AYpF-C2N8Q'},RPcwUunWqhs,Marianito te veo m√°s gordito üòä,Ugxztp0AUT7n4GfkZ0h4AaABAg,True,0,2024-10-11T00:56:49Z,2024-10-11T00:56:49Z
@NorbertolLires,http://www.youtube.com/@NorbertolLires,UCLZ2hZD0eqY9EE20KW96K_g,{'value': 'UCLZ2hZD0eqY9EE20KW96K_g'},RPcwUunWqhs,Jajaja bobo anda facultad bobo bobo entrena que ni a pan solitos vas a poder andar bobo nunca mas,UgwebRY2m4CYsDbtJPN4AaABAg,True,0,2024-10-11T00:56:41Z,2024-10-11T00:56:41Z
@briangordon1570,http://www.youtube.com/@briangordon1570,UCx_V1mgJW0Sz29vAHy6Pjbg,{'value': 'UCx_V1mgJW0Sz29vAHy6Pjbg'},RPcwUunWqhs,"PRONTO LLEGAREMOS AL 2% PERO NO DE VOTOS SINO DE INFLACION , ABRAZOS ZURDOS",Ugw-iXNIiASEZANGs654AaABAg,True,0,2024-10-11T00:56:29Z,2024-10-11T00:56:29Z
@mirthanoemiconsiglio2646,http://www.youtube.com/@mirthanoemiconsiglio2646,UC-Ks6pu1oElwBl9W1SCUehg,{'value': 'UC-Ks6pu1oElwBl9W1SCUehg'},RPcwUunWqhs,Genio Mariano Perez,UgwJQJkg3nIS4VAlvCF4AaABAg,True,17,2024-10-11T00:55:40Z,2024-10-11T00:55:40Z
@e.c.b.8242,http://www.youtube.com/@e.c.b.8242,UCGXsDixkPllg4b3EDq6n95Q,{'value': 'UCGXsDixkPllg4b3EDq6n95Q'},RPcwUunWqhs,Bien mariano perez,Ugw3qvS1lV1XAySr6UR4AaABAg,True,8,2024-10-11T00:55:30Z,2024-10-11T00:55:30Z
@Ra√∫lRivas-l2t,http://www.youtube.com/@Ra%C3%BAlRivas-l2t,UCywpVd57R6MGMQ5xtWYKKtg,{'value': 'UCywpVd57R6MGMQ5xtWYKKtg'},RPcwUunWqhs,Muy bien Mariano P√©rez!,UgwpLDG4rcAy5s4E5Gx4AaABAg,True,12,2024-10-11T00:55:28Z,2024-10-11T00:55:28Z
@jessicagoyes7102,http://www.youtube.com/@jessicagoyes7102,UCqVJWhCZXfGciOIG8IOkgkg,{'value': 'UCqVJWhCZXfGciOIG8IOkgkg'},RPcwUunWqhs,Saludos desde Ecuador. Dios te bendiga Marianito por defender las ideas de la libertad,UgyLbIyOah26b0uuOJZ4AaABAg,True,27,2024-10-11T00:55:21Z,2024-10-11T00:55:21Z
@mirthanoemiconsiglio2646,http://www.youtube.com/@mirthanoemiconsiglio2646,UC-Ks6pu1oElwBl9W1SCUehg,{'value': 'UC-Ks6pu1oElwBl9W1SCUehg'},RPcwUunWqhs,VIVA EL PRESIDENTE JAVIER MILEI Y VIVA LA LIBERTAD CARAJO,UgxhbR8kKT3Q58tKo0d4AaABAg,True,16,2024-10-11T00:55:15Z,2024-10-11T00:55:15Z
@evangelinanightwish,http://www.youtube.com/@evangelinanightwish,UC76wy55IZEBE11MOG5OcWjQ,{'value': 'UC76wy55IZEBE11MOG5OcWjQ'},RPcwUunWqhs,Feliiiciidadessss queriiidoooo!!!!!!!!!,Ugwis5iFdtqVJz3JDLl4AaABAg,True,3,2024-10-11T00:55:05Z,2024-10-11T00:55:05Z
@cristianaguirre9456,http://www.youtube.com/@cristianaguirre9456,UCFF7nW-PlUHh3B3F2Vb_yzw,{'value': 'UCFF7nW-PlUHh3B3F2Vb_yzw'},RPcwUunWqhs,"Bien ah√≠ Mariano, gracias a Dios que dec√≠s todo sin miedo a nada, gracias por la valent√≠a pura que le pones y defendiendo sobre todas las cosas,la verdad.",Ugxc3g4UYPZcRaLP_VV4AaABAg,True,71,2024-10-11T00:52:56Z,2024-10-11T00:52:56Z
@luizzanetti986,http://www.youtube.com/@luizzanetti986,UCzkZ7X15th_xe_OuHhGSzAA,{'value': 'UCzkZ7X15th_xe_OuHhGSzAA'},RPcwUunWqhs,Marianito!! Abra√ßo do Brasil!<br>VLLC!!!,UgzxWhcg9CRdoV6naZl4AaABAg,True,29,2024-10-11T00:50:44Z,2024-10-11T00:50:44Z
@margaritatellio7731,http://www.youtube.com/@margaritatellio7731,UCE1MF0tJ_r31tJro3MdqNsw,{'value': 'UCE1MF0tJ_r31tJro3MdqNsw'},RPcwUunWqhs,Esta mujet  es.deprimente,Ugx8_IvYtQtt6sZs1Gx4AaABAg,True,5,2024-10-11T00:49:41Z,2024-10-11T00:49:41Z
@gonzalo1132,http://www.youtube.com/@gonzalo1132,UCIyMSvejoJXiytrn3Ww3hyA,{'value': 'UCIyMSvejoJXiytrn3Ww3hyA'},RPcwUunWqhs,GOOOOL MARIANO üá¶üá∑üá¶üá∑üá¶üá∑üá¶üá∑üá¶üá∑üá¶üá∑üá¶üá∑üóΩüóΩüóΩ vamoooos CARAJOOOOOOO üá¶üá∑üá¶üá∑üá¶üá∑üá¶üá∑üóΩüóΩüóΩ vivaaaaa ARGENTINA y La libertad carajooooooo üá¶üá∑üá¶üá∑üá¶üá∑üóΩüóΩüóΩü¶Åü¶Åü¶Åü¶Åü¶Åü¶Åü¶Åü¶Å,UgwcmSjUiTiIuayBFPZ4AaABAg,True,4,2024-10-11T00:49:14Z,2024-10-11T00:49:14Z
@gonzalo1132,http://www.youtube.com/@gonzalo1132,UCIyMSvejoJXiytrn3Ww3hyA,{'value': 'UCIyMSvejoJXiytrn3Ww3hyA'},RPcwUunWqhs,VAMOOOOS MARIANO üá¶üá∑üá¶üá∑üá¶üá∑üá¶üá∑üá¶üá∑üóΩüóΩüóΩüóΩüóΩ vamoooos CARAJOOOOOOO üá¶üá∑üá¶üá∑üá¶üá∑üá¶üá∑üóΩüóΩüóΩ vivaaaaa ARGENTINA y La libertad carajooooooo üá¶üá∑üá¶üá∑üá¶üá∑üóΩüóΩüóΩü¶Åü¶Åü¶Åü¶Åü¶Åü¶Åü¶Åü¶Åü¶Åü¶Åü¶Åü¶Å,Ugyp4kVSUuXVAASJ1W14AaABAg,True,32,2024-10-11T00:48:33Z,2024-10-11T00:48:33Z
@gonzalo1132,http://www.youtube.com/@gonzalo1132,UCIyMSvejoJXiytrn3Ww3hyA,{'value': 'UCIyMSvejoJXiytrn3Ww3hyA'},RPcwUunWqhs,VAMOOOOS MARIANO üá¶üá∑üá¶üá∑üá¶üá∑üá¶üá∑üá¶üá∑üóΩüóΩüóΩ vamoooos CARAJOOOOOOO üá¶üá∑üá¶üá∑üá¶üá∑üá¶üá∑üóΩüóΩüóΩü¶Åü¶Åü¶Åü¶Åü¶Åü¶Åü¶Åü¶Åü¶Å,Ugx2p3G4UNDIPRSh24Z4AaABAg,True,70,2024-10-11T00:48:05Z,2024-10-11T00:48:05Z
@gonzalo1132,http://www.youtube.com/@gonzalo1132,UCIyMSvejoJXiytrn3Ww3hyA,{'value': 'UCIyMSvejoJXiytrn3Ww3hyA'},RPcwUunWqhs,GOOOOL MARIANO üá¶üá∑üá¶üá∑üá¶üá∑üá¶üá∑üóΩüóΩ vamoooos CARAJOOOOOOO üá¶üá∑üá¶üá∑üá¶üá∑üóΩüóΩüóΩüóΩü¶Åü¶Åü¶Åü¶Åü¶Åü¶Åü¶Åü¶Åü¶Åü¶Å,UgwJdUDedr9lnhT_kjt4AaABAg,True,26,2024-10-11T00:47:44Z,2024-10-11T00:47:44Z
@silviapolito7330,http://www.youtube.com/@silviapolito7330,UC173vTlztjX0YUrIMNk73XA,{'value': 'UC173vTlztjX0YUrIMNk73XA'},RPcwUunWqhs,A Macri le decian &quot;machirulo&quot;,UgzRy374rjJLcc1XOqF4AaABAg,True,0,2024-10-11T00:47:25Z,2024-10-11T00:47:25Z
@FreddySloane1984,http://www.youtube.com/@FreddySloane1984,UC8DgFNUm8nrlMFrshFLZThA,{'value': 'UC8DgFNUm8nrlMFrshFLZThA'},RPcwUunWqhs,"Estoy harto de estas verdes. FRAN FIJAP Y MARIANO SON PERIODISTAS EN SERIO. <br>Estas verdes militaron plandemia, vakunas y pa√±uelo verde y Massa.  NUNKA M√ÅS",UgzPsfh7xKEqO1M1NpF4AaABAg,True,19,2024-10-11T00:46:53Z,2024-10-11T00:46:53Z
@anapaulapires1307,http://www.youtube.com/@anapaulapires1307,UCxJk9d4cQt0Lbz7fWLrSjDQ,{'value': 'UCxJk9d4cQt0Lbz7fWLrSjDQ'},RPcwUunWqhs,XAVIER MILEI üëèüëèüëèüëè,UgyjLvn9smSKi6ZFRf14AaABAg,True,5,2024-10-11T00:46:32Z,2024-10-11T00:46:32Z
@adelinaestercabrera9604,http://www.youtube.com/@adelinaestercabrera9604,UC_xOBLs-0wA9RMkK52ooXDg,{'value': 'UC_xOBLs-0wA9RMkK52ooXDg'},RPcwUunWqhs,Mariano te quiero‚ù§,UgypLztOuWH5QTtX2-J4AaABAg,True,14,2024-10-11T00:46:25Z,2024-10-11T00:46:25Z
@border.periodismo,http://www.youtube.com/@border.periodismo,UC_J368jRtGUPIjl0NZzW0Sg,{'value': 'UC_J368jRtGUPIjl0NZzW0Sg'},RPcwUunWqhs,üòÇ UN GUSTAZO MARIANO üëè,UgwDR24kO2hDiYZOJv54AaABAg,True,46,2024-10-11T00:46:13Z,2024-10-11T00:46:13Z
@gonzalo1132,http://www.youtube.com/@gonzalo1132,UCIyMSvejoJXiytrn3Ww3hyA,{'value': 'UCIyMSvejoJXiytrn3Ww3hyA'},RPcwUunWqhs,AFUERA FEMINISTA,UgyrjaLvFMPD2xDdu3R4AaABAg,True,6,2024-10-11T00:45:46Z,2024-10-11T00:45:46Z
@fedegiardina3202,http://www.youtube.com/@fedegiardina3202,UCR_mzqabaMPQQh0nnulZqHg,{'value': 'UCR_mzqabaMPQQh0nnulZqHg'},RPcwUunWqhs,Que bien Mariano te superaste un mont√≥n loco Mazal Tov,Ugwd9HbWVYbM24NQ7tJ4AaABAg,True,8,2024-10-11T00:45:38Z,2024-10-11T00:45:38Z
@camilaibarrola8303,http://www.youtube.com/@camilaibarrola8303,UCIbbehra5RDu2ummVq9l8iA,{'value': 'UCIbbehra5RDu2ummVq9l8iA'},RPcwUunWqhs,Mariano con esos t√≠tulos no te van a querer invitar a ningun otro canal JAJA te la pasas humillando &lt;3 &lt;3 <br>que bien te queda el traje &lt;3,UgxzFIrH5sWRrjIC_o94AaABAg,True,1,2024-10-11T00:45:29Z,2024-10-11T00:45:29Z
@gonzalo1132,http://www.youtube.com/@gonzalo1132,UCIyMSvejoJXiytrn3Ww3hyA,{'value': 'UCIyMSvejoJXiytrn3Ww3hyA'},RPcwUunWqhs,GOOOOL MARIANO üá¶üá∑üá¶üá∑üá¶üá∑üá¶üá∑üá¶üá∑üá¶üá∑üá¶üá∑üóΩüóΩüóΩüóΩ vivaaaaa ARGENTINA y La libertad carajooooooo üá¶üá∑üá¶üá∑üá¶üá∑üá¶üá∑üóΩüóΩüóΩü¶Åü¶Åü¶Åü¶Åü¶Åü¶Åü¶Åü¶Å,Ugx-0-Flbq0VmO8gSk94AaABAg,True,3,2024-10-11T00:44:41Z,2024-10-11T00:44:41Z
@gonzalo1132,http://www.youtube.com/@gonzalo1132,UCIyMSvejoJXiytrn3Ww3hyA,{'value': 'UCIyMSvejoJXiytrn3Ww3hyA'},RPcwUunWqhs,VAMOOOOS JAVIER MILEI PRESIDENTE üá¶üá∑üá¶üá∑üá¶üá∑üá¶üá∑üóΩüóΩüóΩüóΩüóΩüóΩ vivaaaaa ARGENTINA y La libertad carajooooooo üá¶üá∑üá¶üá∑üá¶üá∑üóΩüóΩüóΩü¶Åü¶Åü¶Åü¶Åü¶Åü¶Åü¶Åü¶Åü¶Åü¶Åü¶Åü¶Å,UgzTH1a64UkmI8J2xQh4AaABAg,True,13,2024-10-11T00:44:19Z,2024-10-11T00:44:19Z
@gonzalo1132,http://www.youtube.com/@gonzalo1132,UCIyMSvejoJXiytrn3Ww3hyA,{'value': 'UCIyMSvejoJXiytrn3Ww3hyA'},RPcwUunWqhs,GOOOOL JAVIER MILEI PRESIDENTE üá¶üá∑üá¶üá∑üá¶üá∑üóΩüóΩüóΩüóΩ VIVAAAAAAAAAAAAAAAAAAAAAAA LA LIBERTAD CARAJOOOOOOO üá¶üá∑üá¶üá∑üá¶üá∑üá¶üá∑üóΩüóΩüóΩü¶Åü¶Åü¶Åü¶Åü¶Å,UgzvDpby0O1vOb4n2-Z4AaABAg,True,7,2024-10-11T00:44:02Z,2024-10-11T00:44:02Z
@gonzalo1132,http://www.youtube.com/@gonzalo1132,UCIyMSvejoJXiytrn3Ww3hyA,{'value': 'UCIyMSvejoJXiytrn3Ww3hyA'},RPcwUunWqhs,VAMOOOOS JAVIER MILEI PRESIDENTE üá¶üá∑üá¶üá∑üá¶üá∑üá¶üá∑üá¶üá∑üóΩüóΩüóΩüóΩ VIVAAAAAAAAAAAAAAAAAAAAAAA LA LIBERTAD CARAJOOOOOOO üá¶üá∑üá¶üá∑üá¶üá∑üóΩüóΩüóΩü¶Åü¶Åü¶Åü¶Åü¶Åü¶Åü¶Åü¶Åü¶Åü¶Åü¶Å,UgyIQ5wi3kCOpjEdvgd4AaABAg,True,9,2024-10-11T00:43:48Z,2024-10-11T00:43:48Z
@gonzalo1132,http://www.youtube.com/@gonzalo1132,UCIyMSvejoJXiytrn3Ww3hyA,{'value': 'UCIyMSvejoJXiytrn3Ww3hyA'},RPcwUunWqhs,GOOOOL MARIANO üá¶üá∑üá¶üá∑üá¶üá∑üá¶üá∑üá¶üá∑üá¶üá∑üá¶üá∑üóΩüóΩüóΩüóΩ vivaaaaa ARGENTINA y La libertad carajooooooo üá¶üá∑üá¶üá∑üá¶üá∑üá¶üá∑üóΩüóΩüóΩü¶Åü¶Åü¶Åü¶Åü¶Åü¶Åü¶Åü¶Åü¶Åü¶Åü¶Å,UgymO8pYjXYPdXBm3nh4AaABAg,True,47,2024-10-11T00:43:15Z,2024-10-11T00:43:15Z
@gonzalo1132,http://www.youtube.com/@gonzalo1132,UCIyMSvejoJXiytrn3Ww3hyA,{'value': 'UCIyMSvejoJXiytrn3Ww3hyA'},RPcwUunWqhs,GOOOOL MARIANO üá¶üá∑üá¶üá∑üá¶üá∑üá¶üá∑üá¶üá∑üá¶üá∑üóΩüóΩüóΩüóΩ vivaaaaa ARGENTINA y La libertad carajooooooo üá¶üá∑üá¶üá∑üá¶üá∑üá¶üá∑üóΩüóΩü¶Åü¶Åü¶Åü¶Åü¶Åü¶Åü¶Åü¶Åü¶Å,UgysUL50Q-_23lFuDqR4AaABAg,True,34,2024-10-11T00:42:57Z,2024-10-11T00:42:57Z
@gonzalo1132,http://www.youtube.com/@gonzalo1132,UCIyMSvejoJXiytrn3Ww3hyA,{'value': 'UCIyMSvejoJXiytrn3Ww3hyA'},RPcwUunWqhs,VAMOOOOS MARIANO üá¶üá∑üá¶üá∑üá¶üá∑üá¶üá∑üá¶üá∑üá¶üá∑üóΩüóΩüóΩüóΩ VIVAAAAAAAAAAAAAAAAAAAAAAA LA LIBERTAD CARAJOOOOOOO üá¶üá∑üá¶üá∑üá¶üá∑üá¶üá∑üá¶üá∑üá¶üá∑üóΩüóΩüóΩüóΩü¶Åü¶Åü¶Åü¶Åü¶Åü¶Åü¶Åü¶Åü¶Åü¶Å,UgyoMAn6o-AHCloxlK94AaABAg,True,14,2024-10-11T00:42:40Z,2024-10-11T00:42:40Z
@gonzalo1132,http://www.youtube.com/@gonzalo1132,UCIyMSvejoJXiytrn3Ww3hyA,{'value': 'UCIyMSvejoJXiytrn3Ww3hyA'},RPcwUunWqhs,GOOOOL MARIANO üá¶üá∑üá¶üá∑üá¶üá∑üá¶üá∑üá¶üá∑üá¶üá∑üá¶üá∑üóΩüóΩüóΩüóΩ VIVAAAAAAAAAAAAAAAAAAAAAAA LA LIBERTAD CARAJOOOOOOO üá¶üá∑üá¶üá∑üá¶üá∑üá¶üá∑üá¶üá∑üá¶üá∑üóΩüóΩüóΩüóΩü¶Åü¶Åü¶Åü¶Åü¶Åü¶Åü¶Åü¶Åü¶Åü¶Åü¶Å,UgxdJdpUliPCMsdKDu54AaABAg,True,9,2024-10-11T00:42:25Z,2024-10-11T00:42:25Z
@anegoro21,http://www.youtube.com/@anegoro21,UCED_cogiox5EzOG_f2A9aJg,{'value': 'UCED_cogiox5EzOG_f2A9aJg'},RPcwUunWqhs,FINISHING..... FATALITY.,UgxQOsZuQn9wiBhMLE54AaABAg,True,1,2024-10-11T00:42:22Z,2024-10-11T00:42:22Z
@oscarlions2860,http://www.youtube.com/@oscarlions2860,UCazArfDf3GxO0AZPJmMU-mQ,{'value': 'UCazArfDf3GxO0AZPJmMU-mQ'},RPcwUunWqhs,Exitos siempre mariano,UgyeH5koXBJ0Fw_bKYh4AaABAg,True,20,2024-10-11T00:41:22Z,2024-10-11T00:41:22Z
@BreakPointMP,http://www.youtube.com/@BreakPointMP,UC_49ElhhVd1BO7MsdBPm77Q,{'value': 'UC_49ElhhVd1BO7MsdBPm77Q'},RPcwUunWqhs,ME GUSTA AL VIDEO SI APOYAS A MILEI!!!,Ugz_6Yh3NErktiJaMv14AaABAg,True,159,2024-10-11T00:41:08Z,2024-10-11T00:41:08Z
@Juan_Bello039,http://www.youtube.com/@Juan_Bello039,UC0cl4urZlfGh4ddqcwrnkFg,{'value': 'UC0cl4urZlfGh4ddqcwrnkFg'},RPcwUunWqhs,Primero saludos,UgzkgKLpaETid6XN1Yd4AaABAg,True,2,2024-10-11T00:41:04Z,2024-10-11T00:41:04Z
@profemauricioferreyra,http://www.youtube.com/@profemauricioferreyra,UCLbnRBT7-JAyWJoFbkibMyQ,{'value': 'UCLbnRBT7-JAyWJoFbkibMyQ'},RPcwUunWqhs,Crack mariano!,UgwxleIxO8WxdBBPDBh4AaABAg,True,10,2024-10-11T00:41:02Z,2024-10-11T00:41:02Z
